,sid,name,date,wind_speed (m/s),lon,lat,ir_path
16,sh062024,ANGGREK,2024-01-12 12:00:00,10,92.9,-10.0,/scale/project/ifremer-isi-jumeaunumerique/PPR/tc-wind-reconstruction/datasets/geostationnaire/2024_Anggrek_GEO_IR/IR_20240112120000.nc
17,sh062024,ANGGREK,2024-01-12 15:00:00,10,93.05,-10.25,/scale/project/ifremer-isi-jumeaunumerique/PPR/tc-wind-reconstruction/datasets/geostationnaire/2024_Anggrek_GEO_IR/IR_20240112150000.nc
18,sh062024,ANGGREK,2024-01-12 18:00:00,10,93.2,-10.5,/scale/project/ifremer-isi-jumeaunumerique/PPR/tc-wind-reconstruction/datasets/geostationnaire/2024_Anggrek_GEO_IR/IR_20240112180000.nc
19,sh062024,ANGGREK,2024-01-12 21:00:00,10,93.3,-10.65,/scale/project/ifremer-isi-jumeaunumerique/PPR/tc-wind-reconstruction/datasets/geostationnaire/2024_Anggrek_GEO_IR/IR_20240112210000.nc
20,sh062024,ANGGREK,2024-01-13 00:00:00,10,93.4,-10.8,/scale/project/ifremer-isi-jumeaunumerique/PPR/tc-wind-reconstruction/datasets/geostationnaire/2024_Anggrek_GEO_IR/IR_20240113000000.nc
21,sh062024,ANGGREK,2024-01-13 03:00:00,10,93.5,-11.0,/scale/project/ifremer-isi-jumeaunumerique/PPR/tc-wind-reconstruction/datasets/geostationnaire/2024_Anggrek_GEO_IR/IR_20240113030000.nc
22,sh062024,ANGGREK,2024-01-13 06:00:00,10,93.6,-11.2,/scale/project/ifremer-isi-jumeaunumerique/PPR/tc-wind-reconstruction/datasets/geostationnaire/2024_Anggrek_GEO_IR/IR_20240113060000.nc
23,sh062024,ANGGREK,2024-01-13 09:00:00,12,93.7,-11.35,/scale/project/ifremer-isi-jumeaunumerique/PPR/tc-wind-reconstruction/datasets/geostationnaire/2024_Anggrek_GEO_IR/IR_20240113090000.nc
24,sh062024,ANGGREK,2024-01-13 12:00:00,13,93.8,-11.5,/scale/project/ifremer-isi-jumeaunumerique/PPR/tc-wind-reconstruction/datasets/geostationnaire/2024_Anggrek_GEO_IR/IR_20240113120000.nc
25,sh062024,ANGGREK,2024-01-13 15:00:00,13,93.9,-11.55,/scale/project/ifremer-isi-jumeaunumerique/PPR/tc-wind-reconstruction/datasets/geostationnaire/2024_Anggrek_GEO_IR/IR_20240113150000.nc
26,sh062024,ANGGREK,2024-01-13 18:00:00,13,94.0,-11.6,/scale/project/ifremer-isi-jumeaunumerique/PPR/tc-wind-reconstruction/datasets/geostationnaire/2024_Anggrek_GEO_IR/IR_20240113180000.nc
27,sh062024,ANGGREK,2024-01-13 21:00:00,13,94.0,-11.4,/scale/project/ifremer-isi-jumeaunumerique/PPR/tc-wind-reconstruction/datasets/geostationnaire/2024_Anggrek_GEO_IR/IR_20240113210000.nc
28,sh062024,ANGGREK,2024-01-14 00:00:00,13,94.0,-11.2,/scale/project/ifremer-isi-jumeaunumerique/PPR/tc-wind-reconstruction/datasets/geostationnaire/2024_Anggrek_GEO_IR/IR_20240114000000.nc
29,sh062024,ANGGREK,2024-01-14 03:00:00,13,93.9,-11.0,/scale/project/ifremer-isi-jumeaunumerique/PPR/tc-wind-reconstruction/datasets/geostationnaire/2024_Anggrek_GEO_IR/IR_20240114030000.nc
30,sh062024,ANGGREK,2024-01-14 06:00:00,13,93.8,-10.8,/scale/project/ifremer-isi-jumeaunumerique/PPR/tc-wind-reconstruction/datasets/geostationnaire/2024_Anggrek_GEO_IR/IR_20240114060000.nc
31,sh062024,ANGGREK,2024-01-14 09:00:00,13,93.8,-10.7,/scale/project/ifremer-isi-jumeaunumerique/PPR/tc-wind-reconstruction/datasets/geostationnaire/2024_Anggrek_GEO_IR/IR_20240114090000.nc
32,sh062024,ANGGREK,2024-01-14 12:00:00,13,93.8,-10.6,/scale/project/ifremer-isi-jumeaunumerique/PPR/tc-wind-reconstruction/datasets/geostationnaire/2024_Anggrek_GEO_IR/IR_20240114120000.nc
33,sh062024,ANGGREK,2024-01-14 15:00:00,14,93.75,-10.5,/scale/project/ifremer-isi-jumeaunumerique/PPR/tc-wind-reconstruction/datasets/geostationnaire/2024_Anggrek_GEO_IR/IR_20240114150000.nc
34,sh062024,ANGGREK,2024-01-14 18:00:00,15,93.7,-10.4,/scale/project/ifremer-isi-jumeaunumerique/PPR/tc-wind-reconstruction/datasets/geostationnaire/2024_Anggrek_GEO_IR/IR_20240114180000.nc
35,sh062024,ANGGREK,2024-01-14 21:00:00,15,93.65,-10.2,/scale/project/ifremer-isi-jumeaunumerique/PPR/tc-wind-reconstruction/datasets/geostationnaire/2024_Anggrek_GEO_IR/IR_20240114210000.nc
36,sh062024,ANGGREK,2024-01-15 00:00:00,15,93.6,-10.0,/scale/project/ifremer-isi-jumeaunumerique/PPR/tc-wind-reconstruction/datasets/geostationnaire/2024_Anggrek_GEO_IR/IR_20240115000000.nc
37,sh062024,ANGGREK,2024-01-15 03:00:00,17,93.6,-9.8,/scale/project/ifremer-isi-jumeaunumerique/PPR/tc-wind-reconstruction/datasets/geostationnaire/2024_Anggrek_GEO_IR/IR_20240115030000.nc
38,sh062024,ANGGREK,2024-01-15 06:00:00,18,93.6,-9.6,/scale/project/ifremer-isi-jumeaunumerique/PPR/tc-wind-reconstruction/datasets/geostationnaire/2024_Anggrek_GEO_IR/IR_20240115060000.nc
39,sh062024,ANGGREK,2024-01-15 09:00:00,19,93.65,-9.55,/scale/project/ifremer-isi-jumeaunumerique/PPR/tc-wind-reconstruction/datasets/geostationnaire/2024_Anggrek_GEO_IR/IR_20240115090000.nc
40,sh062024,ANGGREK,2024-01-15 12:00:00,21,93.7,-9.5,/scale/project/ifremer-isi-jumeaunumerique/PPR/tc-wind-reconstruction/datasets/geostationnaire/2024_Anggrek_GEO_IR/IR_20240115120000.nc
41,sh062024,ANGGREK,2024-01-15 15:00:00,21,93.75,-9.55,/scale/project/ifremer-isi-jumeaunumerique/PPR/tc-wind-reconstruction/datasets/geostationnaire/2024_Anggrek_GEO_IR/IR_20240115150000.nc
42,sh062024,ANGGREK,2024-01-15 18:00:00,21,93.8,-9.6,/scale/project/ifremer-isi-jumeaunumerique/PPR/tc-wind-reconstruction/datasets/geostationnaire/2024_Anggrek_GEO_IR/IR_20240115180000.nc
43,sh062024,ANGGREK,2024-01-15 21:00:00,21,93.85,-9.55,/scale/project/ifremer-isi-jumeaunumerique/PPR/tc-wind-reconstruction/datasets/geostationnaire/2024_Anggrek_GEO_IR/IR_20240115210000.nc
44,sh062024,ANGGREK,2024-01-16 00:00:00,21,93.9,-9.5,/scale/project/ifremer-isi-jumeaunumerique/PPR/tc-wind-reconstruction/datasets/geostationnaire/2024_Anggrek_GEO_IR/IR_20240116000000.nc
45,sh062024,ANGGREK,2024-01-16 03:00:00,22,93.85,-9.5,/scale/project/ifremer-isi-jumeaunumerique/PPR/tc-wind-reconstruction/datasets/geostationnaire/2024_Anggrek_GEO_IR/IR_20240116030000.nc
46,sh062024,ANGGREK,2024-01-16 06:00:00,23,93.8,-9.5,/scale/project/ifremer-isi-jumeaunumerique/PPR/tc-wind-reconstruction/datasets/geostationnaire/2024_Anggrek_GEO_IR/IR_20240116060000.nc
47,sh062024,ANGGREK,2024-01-16 09:00:00,23,93.9,-9.55,/scale/project/ifremer-isi-jumeaunumerique/PPR/tc-wind-reconstruction/datasets/geostationnaire/2024_Anggrek_GEO_IR/IR_20240116090000.nc
48,sh062024,ANGGREK,2024-01-16 12:00:00,23,94.0,-9.6,/scale/project/ifremer-isi-jumeaunumerique/PPR/tc-wind-reconstruction/datasets/geostationnaire/2024_Anggrek_GEO_IR/IR_20240116120000.nc
49,sh062024,ANGGREK,2024-01-16 15:00:00,23,94.1,-9.6,/scale/project/ifremer-isi-jumeaunumerique/PPR/tc-wind-reconstruction/datasets/geostationnaire/2024_Anggrek_GEO_IR/IR_20240116150000.nc
50,sh062024,ANGGREK,2024-01-16 18:00:00,23,94.2,-9.6,/scale/project/ifremer-isi-jumeaunumerique/PPR/tc-wind-reconstruction/datasets/geostationnaire/2024_Anggrek_GEO_IR/IR_20240116180000.nc
51,sh062024,ANGGREK,2024-01-16 21:00:00,24,94.15,-9.7,/scale/project/ifremer-isi-jumeaunumerique/PPR/tc-wind-reconstruction/datasets/geostationnaire/2024_Anggrek_GEO_IR/IR_20240116210000.nc
52,sh062024,ANGGREK,2024-01-17 00:00:00,26,94.1,-9.8,/scale/project/ifremer-isi-jumeaunumerique/PPR/tc-wind-reconstruction/datasets/geostationnaire/2024_Anggrek_GEO_IR/IR_20240117000000.nc
53,sh062024,ANGGREK,2024-01-17 03:00:00,26,94.05,-9.95,/scale/project/ifremer-isi-jumeaunumerique/PPR/tc-wind-reconstruction/datasets/geostationnaire/2024_Anggrek_GEO_IR/IR_20240117030000.nc
54,sh062024,ANGGREK,2024-01-17 06:00:00,26,94.0,-10.1,/scale/project/ifremer-isi-jumeaunumerique/PPR/tc-wind-reconstruction/datasets/geostationnaire/2024_Anggrek_GEO_IR/IR_20240117060000.nc
55,sh062024,ANGGREK,2024-01-17 09:00:00,24,94.0,-10.25,/scale/project/ifremer-isi-jumeaunumerique/PPR/tc-wind-reconstruction/datasets/geostationnaire/2024_Anggrek_GEO_IR/IR_20240117090000.nc
56,sh062024,ANGGREK,2024-01-17 12:00:00,23,94.0,-10.4,/scale/project/ifremer-isi-jumeaunumerique/PPR/tc-wind-reconstruction/datasets/geostationnaire/2024_Anggrek_GEO_IR/IR_20240117120000.nc
57,sh062024,ANGGREK,2024-01-17 15:00:00,23,94.0,-10.65,/scale/project/ifremer-isi-jumeaunumerique/PPR/tc-wind-reconstruction/datasets/geostationnaire/2024_Anggrek_GEO_IR/IR_20240117150000.nc
58,sh062024,ANGGREK,2024-01-17 18:00:00,23,94.0,-10.9,/scale/project/ifremer-isi-jumeaunumerique/PPR/tc-wind-reconstruction/datasets/geostationnaire/2024_Anggrek_GEO_IR/IR_20240117180000.nc
59,sh062024,ANGGREK,2024-01-17 21:00:00,23,93.95,-11.05,/scale/project/ifremer-isi-jumeaunumerique/PPR/tc-wind-reconstruction/datasets/geostationnaire/2024_Anggrek_GEO_IR/IR_20240117210000.nc
60,sh062024,ANGGREK,2024-01-18 00:00:00,23,93.9,-11.2,/scale/project/ifremer-isi-jumeaunumerique/PPR/tc-wind-reconstruction/datasets/geostationnaire/2024_Anggrek_GEO_IR/IR_20240118000000.nc
61,sh062024,ANGGREK,2024-01-18 03:00:00,23,93.85,-11.4,/scale/project/ifremer-isi-jumeaunumerique/PPR/tc-wind-reconstruction/datasets/geostationnaire/2024_Anggrek_GEO_IR/IR_20240118030000.nc
62,sh062024,ANGGREK,2024-01-18 06:00:00,23,93.8,-11.6,/scale/project/ifremer-isi-jumeaunumerique/PPR/tc-wind-reconstruction/datasets/geostationnaire/2024_Anggrek_GEO_IR/IR_20240118060000.nc
63,sh062024,ANGGREK,2024-01-18 09:00:00,23,93.75,-11.75,/scale/project/ifremer-isi-jumeaunumerique/PPR/tc-wind-reconstruction/datasets/geostationnaire/2024_Anggrek_GEO_IR/IR_20240118090000.nc
64,sh062024,ANGGREK,2024-01-18 12:00:00,23,93.7,-11.9,/scale/project/ifremer-isi-jumeaunumerique/PPR/tc-wind-reconstruction/datasets/geostationnaire/2024_Anggrek_GEO_IR/IR_20240118120000.nc
65,sh062024,ANGGREK,2024-01-18 15:00:00,23,93.6,-12.05,/scale/project/ifremer-isi-jumeaunumerique/PPR/tc-wind-reconstruction/datasets/geostationnaire/2024_Anggrek_GEO_IR/IR_20240118150000.nc
66,sh062024,ANGGREK,2024-01-18 18:00:00,23,93.5,-12.2,/scale/project/ifremer-isi-jumeaunumerique/PPR/tc-wind-reconstruction/datasets/geostationnaire/2024_Anggrek_GEO_IR/IR_20240118180000.nc
67,sh062024,ANGGREK,2024-01-18 21:00:00,26,93.4,-12.3,/scale/project/ifremer-isi-jumeaunumerique/PPR/tc-wind-reconstruction/datasets/geostationnaire/2024_Anggrek_GEO_IR/IR_20240118210000.nc
68,sh062024,ANGGREK,2024-01-19 00:00:00,28,93.3,-12.4,/scale/project/ifremer-isi-jumeaunumerique/PPR/tc-wind-reconstruction/datasets/geostationnaire/2024_Anggrek_GEO_IR/IR_20240119000000.nc
69,sh062024,ANGGREK,2024-01-19 03:00:00,30,93.15,-12.45,/scale/project/ifremer-isi-jumeaunumerique/PPR/tc-wind-reconstruction/datasets/geostationnaire/2024_Anggrek_GEO_IR/IR_20240119030000.nc
70,sh062024,ANGGREK,2024-01-19 06:00:00,31,93.0,-12.5,/scale/project/ifremer-isi-jumeaunumerique/PPR/tc-wind-reconstruction/datasets/geostationnaire/2024_Anggrek_GEO_IR/IR_20240119060000.nc
71,sh062024,ANGGREK,2024-01-19 09:00:00,31,92.85,-12.55,/scale/project/ifremer-isi-jumeaunumerique/PPR/tc-wind-reconstruction/datasets/geostationnaire/2024_Anggrek_GEO_IR/IR_20240119090000.nc
72,sh062024,ANGGREK,2024-01-19 12:00:00,31,92.7,-12.6,/scale/project/ifremer-isi-jumeaunumerique/PPR/tc-wind-reconstruction/datasets/geostationnaire/2024_Anggrek_GEO_IR/IR_20240119120000.nc
73,sh062024,ANGGREK,2024-01-19 15:00:00,33,92.6,-12.6,/scale/project/ifremer-isi-jumeaunumerique/PPR/tc-wind-reconstruction/datasets/geostationnaire/2024_Anggrek_GEO_IR/IR_20240119150000.nc
74,sh062024,ANGGREK,2024-01-19 18:00:00,36,92.5,-12.6,/scale/project/ifremer-isi-jumeaunumerique/PPR/tc-wind-reconstruction/datasets/geostationnaire/2024_Anggrek_GEO_IR/IR_20240119180000.nc
75,sh062024,ANGGREK,2024-01-19 21:00:00,37,92.65,-12.5,/scale/project/ifremer-isi-jumeaunumerique/PPR/tc-wind-reconstruction/datasets/geostationnaire/2024_Anggrek_GEO_IR/IR_20240119210000.nc
76,sh062024,ANGGREK,2024-01-20 00:00:00,39,92.8,-12.4,/scale/project/ifremer-isi-jumeaunumerique/PPR/tc-wind-reconstruction/datasets/geostationnaire/2024_Anggrek_GEO_IR/IR_20240120000000.nc
77,sh062024,ANGGREK,2024-01-20 03:00:00,37,92.7,-12.45,/scale/project/ifremer-isi-jumeaunumerique/PPR/tc-wind-reconstruction/datasets/geostationnaire/2024_Anggrek_GEO_IR/IR_20240120030000.nc
78,sh062024,ANGGREK,2024-01-20 06:00:00,36,92.6,-12.5,/scale/project/ifremer-isi-jumeaunumerique/PPR/tc-wind-reconstruction/datasets/geostationnaire/2024_Anggrek_GEO_IR/IR_20240120060000.nc
79,sh062024,ANGGREK,2024-01-20 09:00:00,36,92.55,-12.45,/scale/project/ifremer-isi-jumeaunumerique/PPR/tc-wind-reconstruction/datasets/geostationnaire/2024_Anggrek_GEO_IR/IR_20240120090000.nc
80,sh062024,ANGGREK,2024-01-20 12:00:00,36,92.5,-12.4,/scale/project/ifremer-isi-jumeaunumerique/PPR/tc-wind-reconstruction/datasets/geostationnaire/2024_Anggrek_GEO_IR/IR_20240120120000.nc
81,sh062024,ANGGREK,2024-01-20 15:00:00,36,92.45,-12.35,/scale/project/ifremer-isi-jumeaunumerique/PPR/tc-wind-reconstruction/datasets/geostationnaire/2024_Anggrek_GEO_IR/IR_20240120150000.nc
82,sh062024,ANGGREK,2024-01-20 18:00:00,36,92.4,-12.3,/scale/project/ifremer-isi-jumeaunumerique/PPR/tc-wind-reconstruction/datasets/geostationnaire/2024_Anggrek_GEO_IR/IR_20240120180000.nc
83,sh062024,ANGGREK,2024-01-20 21:00:00,36,92.4,-12.2,/scale/project/ifremer-isi-jumeaunumerique/PPR/tc-wind-reconstruction/datasets/geostationnaire/2024_Anggrek_GEO_IR/IR_20240120210000.nc
84,sh062024,ANGGREK,2024-01-21 00:00:00,36,92.4,-12.1,/scale/project/ifremer-isi-jumeaunumerique/PPR/tc-wind-reconstruction/datasets/geostationnaire/2024_Anggrek_GEO_IR/IR_20240121000000.nc
85,sh062024,ANGGREK,2024-01-21 03:00:00,35,92.3,-12.05,/scale/project/ifremer-isi-jumeaunumerique/PPR/tc-wind-reconstruction/datasets/geostationnaire/2024_Anggrek_GEO_IR/IR_20240121030000.nc
86,sh062024,ANGGREK,2024-01-21 06:00:00,33,92.2,-12.0,/scale/project/ifremer-isi-jumeaunumerique/PPR/tc-wind-reconstruction/datasets/geostationnaire/2024_Anggrek_GEO_IR/IR_20240121060000.nc
87,sh062024,ANGGREK,2024-01-21 09:00:00,32,92.1,-12.1,/scale/project/ifremer-isi-jumeaunumerique/PPR/tc-wind-reconstruction/datasets/geostationnaire/2024_Anggrek_GEO_IR/IR_20240121090000.nc
88,sh062024,ANGGREK,2024-01-21 12:00:00,31,92.0,-12.2,/scale/project/ifremer-isi-jumeaunumerique/PPR/tc-wind-reconstruction/datasets/geostationnaire/2024_Anggrek_GEO_IR/IR_20240121120000.nc
89,sh062024,ANGGREK,2024-01-21 15:00:00,28,91.9,-12.25,/scale/project/ifremer-isi-jumeaunumerique/PPR/tc-wind-reconstruction/datasets/geostationnaire/2024_Anggrek_GEO_IR/IR_20240121150000.nc
90,sh062024,ANGGREK,2024-01-21 18:00:00,26,91.8,-12.3,/scale/project/ifremer-isi-jumeaunumerique/PPR/tc-wind-reconstruction/datasets/geostationnaire/2024_Anggrek_GEO_IR/IR_20240121180000.nc
91,sh062024,ANGGREK,2024-01-21 21:00:00,24,91.75,-12.4,/scale/project/ifremer-isi-jumeaunumerique/PPR/tc-wind-reconstruction/datasets/geostationnaire/2024_Anggrek_GEO_IR/IR_20240121210000.nc
92,sh062024,ANGGREK,2024-01-22 00:00:00,23,91.7,-12.5,/scale/project/ifremer-isi-jumeaunumerique/PPR/tc-wind-reconstruction/datasets/geostationnaire/2024_Anggrek_GEO_IR/IR_20240122000000.nc
93,sh062024,ANGGREK,2024-01-22 03:00:00,23,91.6,-12.4,/scale/project/ifremer-isi-jumeaunumerique/PPR/tc-wind-reconstruction/datasets/geostationnaire/2024_Anggrek_GEO_IR/IR_20240122030000.nc
94,sh062024,ANGGREK,2024-01-22 06:00:00,23,91.5,-12.3,/scale/project/ifremer-isi-jumeaunumerique/PPR/tc-wind-reconstruction/datasets/geostationnaire/2024_Anggrek_GEO_IR/IR_20240122060000.nc
95,sh062024,ANGGREK,2024-01-22 09:00:00,22,91.45,-12.35,/scale/project/ifremer-isi-jumeaunumerique/PPR/tc-wind-reconstruction/datasets/geostationnaire/2024_Anggrek_GEO_IR/IR_20240122090000.nc
96,sh062024,ANGGREK,2024-01-22 12:00:00,21,91.4,-12.4,/scale/project/ifremer-isi-jumeaunumerique/PPR/tc-wind-reconstruction/datasets/geostationnaire/2024_Anggrek_GEO_IR/IR_20240122120000.nc
97,sh062024,ANGGREK,2024-01-22 15:00:00,21,91.45,-12.5,/scale/project/ifremer-isi-jumeaunumerique/PPR/tc-wind-reconstruction/datasets/geostationnaire/2024_Anggrek_GEO_IR/IR_20240122150000.nc
98,sh062024,ANGGREK,2024-01-22 18:00:00,21,91.5,-12.6,/scale/project/ifremer-isi-jumeaunumerique/PPR/tc-wind-reconstruction/datasets/geostationnaire/2024_Anggrek_GEO_IR/IR_20240122180000.nc
99,sh062024,ANGGREK,2024-01-22 21:00:00,21,91.55,-12.7,/scale/project/ifremer-isi-jumeaunumerique/PPR/tc-wind-reconstruction/datasets/geostationnaire/2024_Anggrek_GEO_IR/IR_20240122210000.nc
100,sh062024,ANGGREK,2024-01-23 00:00:00,21,91.6,-12.8,/scale/project/ifremer-isi-jumeaunumerique/PPR/tc-wind-reconstruction/datasets/geostationnaire/2024_Anggrek_GEO_IR/IR_20240123000000.nc
101,sh062024,ANGGREK,2024-01-23 03:00:00,22,91.6,-12.9,/scale/project/ifremer-isi-jumeaunumerique/PPR/tc-wind-reconstruction/datasets/geostationnaire/2024_Anggrek_GEO_IR/IR_20240123030000.nc
102,sh062024,ANGGREK,2024-01-23 06:00:00,23,91.6,-13.0,/scale/project/ifremer-isi-jumeaunumerique/PPR/tc-wind-reconstruction/datasets/geostationnaire/2024_Anggrek_GEO_IR/IR_20240123060000.nc
103,sh062024,ANGGREK,2024-01-23 09:00:00,24,91.6,-13.15,/scale/project/ifremer-isi-jumeaunumerique/PPR/tc-wind-reconstruction/datasets/geostationnaire/2024_Anggrek_GEO_IR/IR_20240123090000.nc
104,sh062024,ANGGREK,2024-01-23 12:00:00,26,91.6,-13.3,/scale/project/ifremer-isi-jumeaunumerique/PPR/tc-wind-reconstruction/datasets/geostationnaire/2024_Anggrek_GEO_IR/IR_20240123120000.nc
105,sh062024,ANGGREK,2024-01-23 15:00:00,26,91.55,-13.45,/scale/project/ifremer-isi-jumeaunumerique/PPR/tc-wind-reconstruction/datasets/geostationnaire/2024_Anggrek_GEO_IR/IR_20240123150000.nc
106,sh062024,ANGGREK,2024-01-23 18:00:00,26,91.5,-13.6,/scale/project/ifremer-isi-jumeaunumerique/PPR/tc-wind-reconstruction/datasets/geostationnaire/2024_Anggrek_GEO_IR/IR_20240123180000.nc
107,sh062024,ANGGREK,2024-01-23 21:00:00,27,91.4,-13.75,/scale/project/ifremer-isi-jumeaunumerique/PPR/tc-wind-reconstruction/datasets/geostationnaire/2024_Anggrek_GEO_IR/IR_20240123210000.nc
108,sh062024,ANGGREK,2024-01-24 00:00:00,28,91.3,-13.9,/scale/project/ifremer-isi-jumeaunumerique/PPR/tc-wind-reconstruction/datasets/geostationnaire/2024_Anggrek_GEO_IR/IR_20240124000000.nc
109,sh062024,ANGGREK,2024-01-24 03:00:00,31,91.25,-13.95,/scale/project/ifremer-isi-jumeaunumerique/PPR/tc-wind-reconstruction/datasets/geostationnaire/2024_Anggrek_GEO_IR/IR_20240124030000.nc
110,sh062024,ANGGREK,2024-01-24 06:00:00,33,91.2,-14.0,/scale/project/ifremer-isi-jumeaunumerique/PPR/tc-wind-reconstruction/datasets/geostationnaire/2024_Anggrek_GEO_IR/IR_20240124060000.nc
111,sh062024,ANGGREK,2024-01-24 09:00:00,36,91.15,-14.1,/scale/project/ifremer-isi-jumeaunumerique/PPR/tc-wind-reconstruction/datasets/geostationnaire/2024_Anggrek_GEO_IR/IR_20240124090000.nc
112,sh062024,ANGGREK,2024-01-24 12:00:00,39,91.1,-14.2,/scale/project/ifremer-isi-jumeaunumerique/PPR/tc-wind-reconstruction/datasets/geostationnaire/2024_Anggrek_GEO_IR/IR_20240124120000.nc
113,sh062024,ANGGREK,2024-01-24 15:00:00,40,91.1,-14.35,/scale/project/ifremer-isi-jumeaunumerique/PPR/tc-wind-reconstruction/datasets/geostationnaire/2024_Anggrek_GEO_IR/IR_20240124150000.nc
114,sh062024,ANGGREK,2024-01-24 18:00:00,41,91.1,-14.5,/scale/project/ifremer-isi-jumeaunumerique/PPR/tc-wind-reconstruction/datasets/geostationnaire/2024_Anggrek_GEO_IR/IR_20240124180000.nc
115,sh062024,ANGGREK,2024-01-24 21:00:00,41,90.95,-14.6,/scale/project/ifremer-isi-jumeaunumerique/PPR/tc-wind-reconstruction/datasets/geostationnaire/2024_Anggrek_GEO_IR/IR_20240124210000.nc
116,sh062024,ANGGREK,2024-01-25 00:00:00,41,90.8,-14.7,/scale/project/ifremer-isi-jumeaunumerique/PPR/tc-wind-reconstruction/datasets/geostationnaire/2024_Anggrek_GEO_IR/IR_20240125000000.nc
117,sh062024,ANGGREK,2024-01-25 03:00:00,41,90.4,-14.9,/scale/project/ifremer-isi-jumeaunumerique/PPR/tc-wind-reconstruction/datasets/geostationnaire/2024_Anggrek_GEO_IR/IR_20240125030000.nc
118,sh062024,ANGGREK,2024-01-25 06:00:00,41,90.0,-15.1,/scale/project/ifremer-isi-jumeaunumerique/PPR/tc-wind-reconstruction/datasets/geostationnaire/2024_Anggrek_GEO_IR/IR_20240125060000.nc
119,sh062024,ANGGREK,2024-01-25 09:00:00,44,89.65,-15.3,/scale/project/ifremer-isi-jumeaunumerique/PPR/tc-wind-reconstruction/datasets/geostationnaire/2024_Anggrek_GEO_IR/IR_20240125090000.nc
120,sh062024,ANGGREK,2024-01-25 12:00:00,46,89.3,-15.5,/scale/project/ifremer-isi-jumeaunumerique/PPR/tc-wind-reconstruction/datasets/geostationnaire/2024_Anggrek_GEO_IR/IR_20240125120000.nc
121,sh062024,ANGGREK,2024-01-25 15:00:00,48,88.8,-15.75,/scale/project/ifremer-isi-jumeaunumerique/PPR/tc-wind-reconstruction/datasets/geostationnaire/2024_Anggrek_GEO_IR/IR_20240125150000.nc
122,sh062024,ANGGREK,2024-01-25 18:00:00,49,88.3,-16.0,/scale/project/ifremer-isi-jumeaunumerique/PPR/tc-wind-reconstruction/datasets/geostationnaire/2024_Anggrek_GEO_IR/IR_20240125180000.nc
123,sh062024,ANGGREK,2024-01-25 21:00:00,51,87.89999999999999,-16.15,/scale/project/ifremer-isi-jumeaunumerique/PPR/tc-wind-reconstruction/datasets/geostationnaire/2024_Anggrek_GEO_IR/IR_20240125210000.nc
124,sh062024,ANGGREK,2024-01-26 00:00:00,54,87.5,-16.3,/scale/project/ifremer-isi-jumeaunumerique/PPR/tc-wind-reconstruction/datasets/geostationnaire/2024_Anggrek_GEO_IR/IR_20240126000000.nc
125,sh062024,ANGGREK,2024-01-26 03:00:00,54,87.0,-16.6,/scale/project/ifremer-isi-jumeaunumerique/PPR/tc-wind-reconstruction/datasets/geostationnaire/2024_Anggrek_GEO_IR/IR_20240126030000.nc
126,sh062024,ANGGREK,2024-01-26 06:00:00,54,86.5,-16.9,/scale/project/ifremer-isi-jumeaunumerique/PPR/tc-wind-reconstruction/datasets/geostationnaire/2024_Anggrek_GEO_IR/IR_20240126060000.nc
127,sh062024,ANGGREK,2024-01-26 09:00:00,55,85.9,-17.2,/scale/project/ifremer-isi-jumeaunumerique/PPR/tc-wind-reconstruction/datasets/geostationnaire/2024_Anggrek_GEO_IR/IR_20240126090000.nc
128,sh062024,ANGGREK,2024-01-26 12:00:00,57,85.3,-17.5,/scale/project/ifremer-isi-jumeaunumerique/PPR/tc-wind-reconstruction/datasets/geostationnaire/2024_Anggrek_GEO_IR/IR_20240126120000.nc
129,sh062024,ANGGREK,2024-01-26 15:00:00,55,84.75,-17.85,/scale/project/ifremer-isi-jumeaunumerique/PPR/tc-wind-reconstruction/datasets/geostationnaire/2024_Anggrek_GEO_IR/IR_20240126150000.nc
130,sh062024,ANGGREK,2024-01-26 18:00:00,54,84.2,-18.2,/scale/project/ifremer-isi-jumeaunumerique/PPR/tc-wind-reconstruction/datasets/geostationnaire/2024_Anggrek_GEO_IR/IR_20240126180000.nc
131,sh062024,ANGGREK,2024-01-26 21:00:00,53,83.65,-18.45,/scale/project/ifremer-isi-jumeaunumerique/PPR/tc-wind-reconstruction/datasets/geostationnaire/2024_Anggrek_GEO_IR/IR_20240126210000.nc
132,sh062024,ANGGREK,2024-01-27 00:00:00,51,83.1,-18.7,/scale/project/ifremer-isi-jumeaunumerique/PPR/tc-wind-reconstruction/datasets/geostationnaire/2024_Anggrek_GEO_IR/IR_20240127000000.nc
133,sh062024,ANGGREK,2024-01-27 03:00:00,51,82.55,-18.85,/scale/project/ifremer-isi-jumeaunumerique/PPR/tc-wind-reconstruction/datasets/geostationnaire/2024_Anggrek_GEO_IR/IR_20240127030000.nc
134,sh062024,ANGGREK,2024-01-27 06:00:00,51,82.0,-19.0,/scale/project/ifremer-isi-jumeaunumerique/PPR/tc-wind-reconstruction/datasets/geostationnaire/2024_Anggrek_GEO_IR/IR_20240127060000.nc
135,sh062024,ANGGREK,2024-01-27 09:00:00,51,81.3,-19.15,/scale/project/ifremer-isi-jumeaunumerique/PPR/tc-wind-reconstruction/datasets/geostationnaire/2024_Anggrek_GEO_IR/IR_20240127090000.nc
136,sh062024,ANGGREK,2024-01-27 12:00:00,51,80.6,-19.3,/scale/project/ifremer-isi-jumeaunumerique/PPR/tc-wind-reconstruction/datasets/geostationnaire/2024_Anggrek_GEO_IR/IR_20240127120000.nc
137,sh062024,ANGGREK,2024-01-27 15:00:00,51,80.0,-19.4,/scale/project/ifremer-isi-jumeaunumerique/PPR/tc-wind-reconstruction/datasets/geostationnaire/2024_Anggrek_GEO_IR/IR_20240127150000.nc
138,sh062024,ANGGREK,2024-01-27 18:00:00,51,79.4,-19.5,/scale/project/ifremer-isi-jumeaunumerique/PPR/tc-wind-reconstruction/datasets/geostationnaire/2024_Anggrek_GEO_IR/IR_20240127180000.nc
139,sh062024,ANGGREK,2024-01-27 21:00:00,50,78.65,-19.75,/scale/project/ifremer-isi-jumeaunumerique/PPR/tc-wind-reconstruction/datasets/geostationnaire/2024_Anggrek_GEO_IR/IR_20240127210000.nc
140,sh062024,ANGGREK,2024-01-28 00:00:00,49,77.9,-20.0,/scale/project/ifremer-isi-jumeaunumerique/PPR/tc-wind-reconstruction/datasets/geostationnaire/2024_Anggrek_GEO_IR/IR_20240128000000.nc
141,sh062024,ANGGREK,2024-01-28 03:00:00,49,77.15,-20.2,/scale/project/ifremer-isi-jumeaunumerique/PPR/tc-wind-reconstruction/datasets/geostationnaire/2024_Anggrek_GEO_IR/IR_20240128030000.nc
142,sh062024,ANGGREK,2024-01-28 06:00:00,49,76.4,-20.4,/scale/project/ifremer-isi-jumeaunumerique/PPR/tc-wind-reconstruction/datasets/geostationnaire/2024_Anggrek_GEO_IR/IR_20240128060000.nc
143,sh062024,ANGGREK,2024-01-28 09:00:00,50,75.6,-20.7,/scale/project/ifremer-isi-jumeaunumerique/PPR/tc-wind-reconstruction/datasets/geostationnaire/2024_Anggrek_GEO_IR/IR_20240128090000.nc
144,sh062024,ANGGREK,2024-01-28 12:00:00,51,74.8,-21.0,/scale/project/ifremer-isi-jumeaunumerique/PPR/tc-wind-reconstruction/datasets/geostationnaire/2024_Anggrek_GEO_IR/IR_20240128120000.nc
145,sh062024,ANGGREK,2024-01-28 15:00:00,54,74.0,-21.35,/scale/project/ifremer-isi-jumeaunumerique/PPR/tc-wind-reconstruction/datasets/geostationnaire/2024_Anggrek_GEO_IR/IR_20240128150000.nc
146,sh062024,ANGGREK,2024-01-28 18:00:00,57,73.2,-21.7,/scale/project/ifremer-isi-jumeaunumerique/PPR/tc-wind-reconstruction/datasets/geostationnaire/2024_Anggrek_GEO_IR/IR_20240128180000.nc
147,sh062024,ANGGREK,2024-01-28 21:00:00,58,72.55000000000001,-22.2,/scale/project/ifremer-isi-jumeaunumerique/PPR/tc-wind-reconstruction/datasets/geostationnaire/2024_Anggrek_GEO_IR/IR_20240128210000.nc
148,sh062024,ANGGREK,2024-01-29 00:00:00,59,71.9,-22.7,/scale/project/ifremer-isi-jumeaunumerique/PPR/tc-wind-reconstruction/datasets/geostationnaire/2024_Anggrek_GEO_IR/IR_20240129000000.nc
149,sh062024,ANGGREK,2024-01-29 03:00:00,59,71.5,-23.25,/scale/project/ifremer-isi-jumeaunumerique/PPR/tc-wind-reconstruction/datasets/geostationnaire/2024_Anggrek_GEO_IR/IR_20240129030000.nc
150,sh062024,ANGGREK,2024-01-29 06:00:00,59,71.1,-23.8,/scale/project/ifremer-isi-jumeaunumerique/PPR/tc-wind-reconstruction/datasets/geostationnaire/2024_Anggrek_GEO_IR/IR_20240129060000.nc
151,sh062024,ANGGREK,2024-01-29 09:00:00,60,70.94999999999999,-24.450000000000003,/scale/project/ifremer-isi-jumeaunumerique/PPR/tc-wind-reconstruction/datasets/geostationnaire/2024_Anggrek_GEO_IR/IR_20240129090000.nc
152,sh062024,ANGGREK,2024-01-29 12:00:00,62,70.8,-25.1,/scale/project/ifremer-isi-jumeaunumerique/PPR/tc-wind-reconstruction/datasets/geostationnaire/2024_Anggrek_GEO_IR/IR_20240129120000.nc
153,sh062024,ANGGREK,2024-01-29 15:00:00,59,70.85,-25.75,/scale/project/ifremer-isi-jumeaunumerique/PPR/tc-wind-reconstruction/datasets/geostationnaire/2024_Anggrek_GEO_IR/IR_20240129150000.nc
154,sh062024,ANGGREK,2024-01-29 18:00:00,57,70.9,-26.4,/scale/project/ifremer-isi-jumeaunumerique/PPR/tc-wind-reconstruction/datasets/geostationnaire/2024_Anggrek_GEO_IR/IR_20240129180000.nc
155,sh062024,ANGGREK,2024-01-29 21:00:00,55,71.30000000000001,-27.2,/scale/project/ifremer-isi-jumeaunumerique/PPR/tc-wind-reconstruction/datasets/geostationnaire/2024_Anggrek_GEO_IR/IR_20240129210000.nc
156,sh062024,ANGGREK,2024-01-30 00:00:00,54,71.7,-28.0,/scale/project/ifremer-isi-jumeaunumerique/PPR/tc-wind-reconstruction/datasets/geostationnaire/2024_Anggrek_GEO_IR/IR_20240130000000.nc
157,sh062024,ANGGREK,2024-01-30 03:00:00,51,72.25,-28.55,/scale/project/ifremer-isi-jumeaunumerique/PPR/tc-wind-reconstruction/datasets/geostationnaire/2024_Anggrek_GEO_IR/IR_20240130030000.nc
158,sh062024,ANGGREK,2024-01-30 06:00:00,49,72.8,-29.1,/scale/project/ifremer-isi-jumeaunumerique/PPR/tc-wind-reconstruction/datasets/geostationnaire/2024_Anggrek_GEO_IR/IR_20240130060000.nc
159,sh062024,ANGGREK,2024-01-30 09:00:00,48,73.65,-29.55,/scale/project/ifremer-isi-jumeaunumerique/PPR/tc-wind-reconstruction/datasets/geostationnaire/2024_Anggrek_GEO_IR/IR_20240130090000.nc
160,sh062024,ANGGREK,2024-01-30 12:00:00,46,74.5,-30.0,/scale/project/ifremer-isi-jumeaunumerique/PPR/tc-wind-reconstruction/datasets/geostationnaire/2024_Anggrek_GEO_IR/IR_20240130120000.nc
161,sh062024,ANGGREK,2024-01-30 15:00:00,46,75.35000000000001,-30.4,/scale/project/ifremer-isi-jumeaunumerique/PPR/tc-wind-reconstruction/datasets/geostationnaire/2024_Anggrek_GEO_IR/IR_20240130150000.nc
162,sh062024,ANGGREK,2024-01-30 18:00:00,46,76.2,-30.8,/scale/project/ifremer-isi-jumeaunumerique/PPR/tc-wind-reconstruction/datasets/geostationnaire/2024_Anggrek_GEO_IR/IR_20240130180000.nc
163,sh062024,ANGGREK,2024-01-30 21:00:00,44,77.55000000000001,-31.1,/scale/project/ifremer-isi-jumeaunumerique/PPR/tc-wind-reconstruction/datasets/geostationnaire/2024_Anggrek_GEO_IR/IR_20240130210000.nc
164,sh062024,ANGGREK,2024-01-31 00:00:00,41,78.9,-31.4,/scale/project/ifremer-isi-jumeaunumerique/PPR/tc-wind-reconstruction/datasets/geostationnaire/2024_Anggrek_GEO_IR/IR_20240131000000.nc
165,sh062024,ANGGREK,2024-01-31 03:00:00,37,80.85,-31.9,/scale/project/ifremer-isi-jumeaunumerique/PPR/tc-wind-reconstruction/datasets/geostationnaire/2024_Anggrek_GEO_IR/IR_20240131030000.nc
166,sh062024,ANGGREK,2024-01-31 06:00:00,33,82.8,-32.4,/scale/project/ifremer-isi-jumeaunumerique/PPR/tc-wind-reconstruction/datasets/geostationnaire/2024_Anggrek_GEO_IR/IR_20240131060000.nc
167,sh062024,ANGGREK,2024-01-31 09:00:00,31,85.15,-33.3,/scale/project/ifremer-isi-jumeaunumerique/PPR/tc-wind-reconstruction/datasets/geostationnaire/2024_Anggrek_GEO_IR/IR_20240131090000.nc
168,sh062024,ANGGREK,2024-01-31 12:00:00,28,87.5,-34.2,/scale/project/ifremer-isi-jumeaunumerique/PPR/tc-wind-reconstruction/datasets/geostationnaire/2024_Anggrek_GEO_IR/IR_20240131120000.nc
