,date,time,vmax,datetime,vmax (m/s)
0,2024JAN15,093000,35.0,2024-01-15 09:30:00,18.005555578162532
1,2024JAN15,100000,37.0,2024-01-15 10:00:00,19.034444468343246
2,2024JAN15,103000,37.0,2024-01-15 10:30:00,19.034444468343246
3,2024JAN15,110000,37.0,2024-01-15 11:00:00,19.034444468343246
4,2024JAN15,113000,37.0,2024-01-15 11:30:00,19.034444468343246
5,2024JAN15,120000,37.0,2024-01-15 12:00:00,19.034444468343246
6,2024JAN15,123000,37.0,2024-01-15 12:30:00,19.034444468343246
7,2024JAN15,130000,37.0,2024-01-15 13:00:00,19.034444468343246
8,2024JAN15,133000,37.0,2024-01-15 13:30:00,19.034444468343246
9,2024JAN15,140000,37.0,2024-01-15 14:00:00,19.034444468343246
10,2024JAN15,142000,37.0,2024-01-15 14:20:00,19.034444468343246
11,2024JAN15,150000,37.0,2024-01-15 15:00:00,19.034444468343246
12,2024JAN15,153000,37.0,2024-01-15 15:30:00,19.034444468343246
13,2024JAN15,160000,35.0,2024-01-15 16:00:00,18.005555578162532
14,2024JAN15,163000,35.0,2024-01-15 16:30:00,18.005555578162532
15,2024JAN15,170000,35.0,2024-01-15 17:00:00,18.005555578162532
16,2024JAN15,173000,34.0,2024-01-15 17:30:00,17.491111133072174
17,2024JAN15,180000,34.0,2024-01-15 18:00:00,17.491111133072174
18,2024JAN15,183000,34.0,2024-01-15 18:30:00,17.491111133072174
19,2024JAN15,190000,34.0,2024-01-15 19:00:00,17.491111133072174
20,2024JAN15,193000,34.0,2024-01-15 19:30:00,17.491111133072174
21,2024JAN15,200000,34.0,2024-01-15 20:00:00,17.491111133072174
22,2024JAN15,203000,34.0,2024-01-15 20:30:00,17.491111133072174
23,2024JAN15,210000,34.0,2024-01-15 21:00:00,17.491111133072174
24,2024JAN15,213000,34.0,2024-01-15 21:30:00,17.491111133072174
25,2024JAN15,220000,34.0,2024-01-15 22:00:00,17.491111133072174
26,2024JAN15,223000,34.0,2024-01-15 22:30:00,17.491111133072174
27,2024JAN15,230000,34.0,2024-01-15 23:00:00,17.491111133072174
28,2024JAN15,233000,34.0,2024-01-15 23:30:00,17.491111133072174
29,2024JAN16,000000,34.0,2024-01-16 00:00:00,17.491111133072174
30,2024JAN16,003000,34.0,2024-01-16 00:30:00,17.491111133072174
31,2024JAN16,010000,34.0,2024-01-16 01:00:00,17.491111133072174
32,2024JAN16,013000,34.0,2024-01-16 01:30:00,17.491111133072174
33,2024JAN16,020000,34.0,2024-01-16 02:00:00,17.491111133072174
34,2024JAN16,023000,34.0,2024-01-16 02:30:00,17.491111133072174
35,2024JAN16,031000,34.0,2024-01-16 03:10:00,17.491111133072174
36,2024JAN16,033000,34.0,2024-01-16 03:30:00,17.491111133072174
37,2024JAN16,040000,35.0,2024-01-16 04:00:00,18.005555578162532
38,2024JAN16,043000,35.0,2024-01-16 04:30:00,18.005555578162532
39,2024JAN16,050000,35.0,2024-01-16 05:00:00,18.005555578162532
40,2024JAN16,053000,35.0,2024-01-16 05:30:00,18.005555578162532
41,2024JAN16,060000,35.0,2024-01-16 06:00:00,18.005555578162532
42,2024JAN16,063000,35.0,2024-01-16 06:30:00,18.005555578162532
43,2024JAN16,070000,35.0,2024-01-16 07:00:00,18.005555578162532
44,2024JAN16,073000,35.0,2024-01-16 07:30:00,18.005555578162532
45,2024JAN16,080000,35.0,2024-01-16 08:00:00,18.005555578162532
46,2024JAN16,083000,35.0,2024-01-16 08:30:00,18.005555578162532
47,2024JAN16,090000,35.0,2024-01-16 09:00:00,18.005555578162532
48,2024JAN16,093000,35.0,2024-01-16 09:30:00,18.005555578162532
49,2024JAN16,101000,35.0,2024-01-16 10:10:00,18.005555578162532
50,2024JAN16,103000,35.0,2024-01-16 10:30:00,18.005555578162532
51,2024JAN16,110000,35.0,2024-01-16 11:00:00,18.005555578162532
52,2024JAN16,113000,35.0,2024-01-16 11:30:00,18.005555578162532
53,2024JAN16,120000,35.0,2024-01-16 12:00:00,18.005555578162532
54,2024JAN16,123000,35.0,2024-01-16 12:30:00,18.005555578162532
55,2024JAN16,130000,35.0,2024-01-16 13:00:00,18.005555578162532
56,2024JAN16,133000,35.0,2024-01-16 13:30:00,18.005555578162532
57,2024JAN16,140000,35.0,2024-01-16 14:00:00,18.005555578162532
58,2024JAN16,142000,35.0,2024-01-16 14:20:00,18.005555578162532
59,2024JAN16,150000,35.0,2024-01-16 15:00:00,18.005555578162532
60,2024JAN16,153000,35.0,2024-01-16 15:30:00,18.005555578162532
61,2024JAN16,160000,35.0,2024-01-16 16:00:00,18.005555578162532
62,2024JAN16,163000,35.0,2024-01-16 16:30:00,18.005555578162532
63,2024JAN16,170000,35.0,2024-01-16 17:00:00,18.005555578162532
64,2024JAN16,173000,35.0,2024-01-16 17:30:00,18.005555578162532
65,2024JAN16,180000,35.0,2024-01-16 18:00:00,18.005555578162532
66,2024JAN16,183000,35.0,2024-01-16 18:30:00,18.005555578162532
67,2024JAN16,190000,35.0,2024-01-16 19:00:00,18.005555578162532
68,2024JAN16,193000,35.0,2024-01-16 19:30:00,18.005555578162532
69,2024JAN16,200000,35.0,2024-01-16 20:00:00,18.005555578162532
70,2024JAN16,203000,35.0,2024-01-16 20:30:00,18.005555578162532
71,2024JAN16,210000,35.0,2024-01-16 21:00:00,18.005555578162532
72,2024JAN16,213000,35.0,2024-01-16 21:30:00,18.005555578162532
73,2024JAN16,220000,35.0,2024-01-16 22:00:00,18.005555578162532
74,2024JAN16,223000,35.0,2024-01-16 22:30:00,18.005555578162532
75,2024JAN16,230000,35.0,2024-01-16 23:00:00,18.005555578162532
76,2024JAN16,233000,35.0,2024-01-16 23:30:00,18.005555578162532
77,2024JAN17,001000,35.0,2024-01-17 00:10:00,18.005555578162532
78,2024JAN17,003000,35.0,2024-01-17 00:30:00,18.005555578162532
79,2024JAN17,010000,35.0,2024-01-17 01:00:00,18.005555578162532
80,2024JAN17,013000,35.0,2024-01-17 01:30:00,18.005555578162532
81,2024JAN17,021000,35.0,2024-01-17 02:10:00,18.005555578162532
82,2024JAN17,022000,35.0,2024-01-17 02:20:00,18.005555578162532
83,2024JAN17,030000,35.0,2024-01-17 03:00:00,18.005555578162532
84,2024JAN17,034000,35.0,2024-01-17 03:40:00,18.005555578162532
85,2024JAN17,040000,35.0,2024-01-17 04:00:00,18.005555578162532
86,2024JAN17,043000,35.0,2024-01-17 04:30:00,18.005555578162532
87,2024JAN17,050000,35.0,2024-01-17 05:00:00,18.005555578162532
88,2024JAN17,053000,37.0,2024-01-17 05:30:00,19.034444468343246
89,2024JAN17,060000,37.0,2024-01-17 06:00:00,19.034444468343246
90,2024JAN17,063000,37.0,2024-01-17 06:30:00,19.034444468343246
91,2024JAN17,070000,37.0,2024-01-17 07:00:00,19.034444468343246
92,2024JAN17,073000,37.0,2024-01-17 07:30:00,19.034444468343246
93,2024JAN17,080000,37.0,2024-01-17 08:00:00,19.034444468343246
94,2024JAN17,083000,37.0,2024-01-17 08:30:00,19.034444468343246
95,2024JAN17,090000,37.0,2024-01-17 09:00:00,19.034444468343246
96,2024JAN17,093000,37.0,2024-01-17 09:30:00,19.034444468343246
97,2024JAN17,100000,37.0,2024-01-17 10:00:00,19.034444468343246
98,2024JAN17,103000,39.0,2024-01-17 10:30:00,20.063333358523963
99,2024JAN17,110000,39.0,2024-01-17 11:00:00,20.063333358523963
100,2024JAN17,113000,39.0,2024-01-17 11:30:00,20.063333358523963
101,2024JAN17,120000,39.0,2024-01-17 12:00:00,20.063333358523963
102,2024JAN17,123000,39.0,2024-01-17 12:30:00,20.063333358523963
103,2024JAN17,130000,39.0,2024-01-17 13:00:00,20.063333358523963
104,2024JAN17,133000,39.0,2024-01-17 13:30:00,20.063333358523963
105,2024JAN17,140000,39.0,2024-01-17 14:00:00,20.063333358523963
106,2024JAN17,142000,39.0,2024-01-17 14:20:00,20.063333358523963
107,2024JAN17,150000,39.0,2024-01-17 15:00:00,20.063333358523963
108,2024JAN17,153000,39.0,2024-01-17 15:30:00,20.063333358523963
109,2024JAN17,160000,39.0,2024-01-17 16:00:00,20.063333358523963
110,2024JAN17,163000,39.0,2024-01-17 16:30:00,20.063333358523963
111,2024JAN17,170000,41.0,2024-01-17 17:00:00,21.09222224870468
112,2024JAN17,173000,41.0,2024-01-17 17:30:00,21.09222224870468
113,2024JAN17,180000,41.0,2024-01-17 18:00:00,21.09222224870468
114,2024JAN17,183000,41.0,2024-01-17 18:30:00,21.09222224870468
115,2024JAN17,190000,41.0,2024-01-17 19:00:00,21.09222224870468
116,2024JAN17,193000,41.0,2024-01-17 19:30:00,21.09222224870468
117,2024JAN17,200000,41.0,2024-01-17 20:00:00,21.09222224870468
118,2024JAN17,203000,41.0,2024-01-17 20:30:00,21.09222224870468
119,2024JAN17,210000,41.0,2024-01-17 21:00:00,21.09222224870468
120,2024JAN17,213000,41.0,2024-01-17 21:30:00,21.09222224870468
121,2024JAN17,220000,41.0,2024-01-17 22:00:00,21.09222224870468
122,2024JAN17,223000,41.0,2024-01-17 22:30:00,21.09222224870468
123,2024JAN17,230000,41.0,2024-01-17 23:00:00,21.09222224870468
124,2024JAN17,233000,41.0,2024-01-17 23:30:00,21.09222224870468
125,2024JAN18,000000,43.0,2024-01-18 00:00:00,22.121111138885393
126,2024JAN18,003000,45.0,2024-01-18 00:30:00,23.15000002906611
127,2024JAN18,010000,45.0,2024-01-18 01:00:00,23.15000002906611
128,2024JAN18,013000,45.0,2024-01-18 01:30:00,23.15000002906611
129,2024JAN18,020000,45.0,2024-01-18 02:00:00,23.15000002906611
130,2024JAN18,022000,45.0,2024-01-18 02:20:00,23.15000002906611
131,2024JAN18,030000,45.0,2024-01-18 03:00:00,23.15000002906611
132,2024JAN18,033000,45.0,2024-01-18 03:30:00,23.15000002906611
133,2024JAN18,040000,45.0,2024-01-18 04:00:00,23.15000002906611
134,2024JAN18,043000,45.0,2024-01-18 04:30:00,23.15000002906611
135,2024JAN18,050000,45.0,2024-01-18 05:00:00,23.15000002906611
136,2024JAN18,053000,45.0,2024-01-18 05:30:00,23.15000002906611
137,2024JAN18,060000,45.0,2024-01-18 06:00:00,23.15000002906611
138,2024JAN18,063000,43.0,2024-01-18 06:30:00,22.121111138885393
139,2024JAN18,070000,43.0,2024-01-18 07:00:00,22.121111138885393
140,2024JAN18,073000,43.0,2024-01-18 07:30:00,22.121111138885393
141,2024JAN18,080000,41.0,2024-01-18 08:00:00,21.09222224870468
142,2024JAN18,083000,41.0,2024-01-18 08:30:00,21.09222224870468
143,2024JAN18,090000,41.0,2024-01-18 09:00:00,21.09222224870468
144,2024JAN18,093000,41.0,2024-01-18 09:30:00,21.09222224870468
145,2024JAN18,100000,41.0,2024-01-18 10:00:00,21.09222224870468
146,2024JAN18,103000,41.0,2024-01-18 10:30:00,21.09222224870468
147,2024JAN18,110000,41.0,2024-01-18 11:00:00,21.09222224870468
148,2024JAN18,113000,41.0,2024-01-18 11:30:00,21.09222224870468
149,2024JAN18,120000,41.0,2024-01-18 12:00:00,21.09222224870468
150,2024JAN18,123000,41.0,2024-01-18 12:30:00,21.09222224870468
151,2024JAN18,130000,41.0,2024-01-18 13:00:00,21.09222224870468
152,2024JAN18,133000,41.0,2024-01-18 13:30:00,21.09222224870468
153,2024JAN18,140000,41.0,2024-01-18 14:00:00,21.09222224870468
154,2024JAN18,142000,39.0,2024-01-18 14:20:00,20.063333358523963
155,2024JAN18,150000,37.0,2024-01-18 15:00:00,19.034444468343246
156,2024JAN18,153000,37.0,2024-01-18 15:30:00,19.034444468343246
157,2024JAN18,160000,37.0,2024-01-18 16:00:00,19.034444468343246
158,2024JAN18,163000,37.0,2024-01-18 16:30:00,19.034444468343246
159,2024JAN18,170000,37.0,2024-01-18 17:00:00,19.034444468343246
160,2024JAN18,173000,37.0,2024-01-18 17:30:00,19.034444468343246
161,2024JAN18,180000,37.0,2024-01-18 18:00:00,19.034444468343246
162,2024JAN18,183000,37.0,2024-01-18 18:30:00,19.034444468343246
163,2024JAN18,190000,35.0,2024-01-18 19:00:00,18.005555578162532
164,2024JAN18,193000,37.0,2024-01-18 19:30:00,19.034444468343246
165,2024JAN18,200000,41.0,2024-01-18 20:00:00,21.09222224870468
166,2024JAN18,202000,41.0,2024-01-18 20:20:00,21.09222224870468
167,2024JAN18,210000,41.0,2024-01-18 21:00:00,21.09222224870468
168,2024JAN18,213000,43.0,2024-01-18 21:30:00,22.121111138885393
169,2024JAN18,220000,43.0,2024-01-18 22:00:00,22.121111138885393
170,2024JAN18,223000,43.0,2024-01-18 22:30:00,22.121111138885393
171,2024JAN18,230000,43.0,2024-01-18 23:00:00,22.121111138885393
172,2024JAN18,233000,43.0,2024-01-18 23:30:00,22.121111138885393
173,2024JAN19,000000,43.0,2024-01-19 00:00:00,22.121111138885393
174,2024JAN19,003000,43.0,2024-01-19 00:30:00,22.121111138885393
175,2024JAN19,010000,45.0,2024-01-19 01:00:00,23.15000002906611
176,2024JAN19,013000,45.0,2024-01-19 01:30:00,23.15000002906611
177,2024JAN19,020000,47.0,2024-01-19 02:00:00,24.178888919246827
178,2024JAN19,022000,49.0,2024-01-19 02:20:00,25.207777809427544
179,2024JAN19,030000,49.0,2024-01-19 03:00:00,25.207777809427544
180,2024JAN19,033000,51.0,2024-01-19 03:30:00,26.236666699608257
181,2024JAN19,040000,53.0,2024-01-19 04:00:00,27.265555589788974
182,2024JAN19,043000,53.0,2024-01-19 04:30:00,27.265555589788974
183,2024JAN19,050000,53.0,2024-01-19 05:00:00,27.265555589788974
184,2024JAN19,053000,53.0,2024-01-19 05:30:00,27.265555589788974
185,2024JAN19,060000,53.0,2024-01-19 06:00:00,27.265555589788974
186,2024JAN19,063000,53.0,2024-01-19 06:30:00,27.265555589788974
187,2024JAN19,070000,53.0,2024-01-19 07:00:00,27.265555589788974
188,2024JAN19,073000,53.0,2024-01-19 07:30:00,27.265555589788974
189,2024JAN19,080000,53.0,2024-01-19 08:00:00,27.265555589788974
190,2024JAN19,082000,53.0,2024-01-19 08:20:00,27.265555589788974
191,2024JAN19,090000,53.0,2024-01-19 09:00:00,27.265555589788974
192,2024JAN19,093000,55.0,2024-01-19 09:30:00,28.29444447996969
193,2024JAN19,100000,55.0,2024-01-19 10:00:00,28.29444447996969
194,2024JAN19,103000,55.0,2024-01-19 10:30:00,28.29444447996969
195,2024JAN19,110000,55.0,2024-01-19 11:00:00,28.29444447996969
196,2024JAN19,113000,55.0,2024-01-19 11:30:00,28.29444447996969
197,2024JAN19,120000,55.0,2024-01-19 12:00:00,28.29444447996969
198,2024JAN19,123000,57.0,2024-01-19 12:30:00,29.323333370150408
199,2024JAN19,130000,57.0,2024-01-19 13:00:00,29.323333370150408
200,2024JAN19,133000,57.0,2024-01-19 13:30:00,29.323333370150408
201,2024JAN19,140000,59.0,2024-01-19 14:00:00,30.35222226033112
202,2024JAN19,142000,59.0,2024-01-19 14:20:00,30.35222226033112
203,2024JAN19,150000,59.0,2024-01-19 15:00:00,30.35222226033112
204,2024JAN19,153000,61.0,2024-01-19 15:30:00,31.38111115051184
205,2024JAN19,160000,61.0,2024-01-19 16:00:00,31.38111115051184
206,2024JAN19,163000,61.0,2024-01-19 16:30:00,31.38111115051184
207,2024JAN19,170000,63.0,2024-01-19 17:00:00,32.41000004069255
208,2024JAN19,173000,63.0,2024-01-19 17:30:00,32.41000004069255
209,2024JAN19,180000,63.0,2024-01-19 18:00:00,32.41000004069255
210,2024JAN19,183000,65.0,2024-01-19 18:30:00,33.43888893087327
211,2024JAN19,190000,65.0,2024-01-19 19:00:00,33.43888893087327
212,2024JAN19,193000,65.0,2024-01-19 19:30:00,33.43888893087327
213,2024JAN19,200000,67.4,2024-01-19 20:00:00,34.673555599090136
214,2024JAN19,203000,67.4,2024-01-19 20:30:00,34.673555599090136
215,2024JAN19,210000,67.4,2024-01-19 21:00:00,34.673555599090136
216,2024JAN19,213000,69.8,2024-01-19 21:30:00,35.90822226730699
217,2024JAN19,220000,69.8,2024-01-19 22:00:00,35.90822226730699
218,2024JAN19,223000,72.2,2024-01-19 22:30:00,37.14288893552385
219,2024JAN19,230000,72.2,2024-01-19 23:00:00,37.14288893552385
220,2024JAN19,233000,72.2,2024-01-19 23:30:00,37.14288893552385
221,2024JAN20,000000,72.2,2024-01-20 00:00:00,37.14288893552385
222,2024JAN20,003000,74.6,2024-01-20 00:30:00,38.3775556037407
223,2024JAN20,010000,74.6,2024-01-20 01:00:00,38.3775556037407
224,2024JAN20,013000,74.6,2024-01-20 01:30:00,38.3775556037407
225,2024JAN20,020000,74.6,2024-01-20 02:00:00,38.3775556037407
226,2024JAN20,022000,74.6,2024-01-20 02:20:00,38.3775556037407
227,2024JAN20,030000,77.0,2024-01-20 03:00:00,39.61222227195757
228,2024JAN20,033000,77.0,2024-01-20 03:30:00,39.61222227195757
229,2024JAN20,040000,77.0,2024-01-20 04:00:00,39.61222227195757
230,2024JAN20,043000,77.0,2024-01-20 04:30:00,39.61222227195757
231,2024JAN20,050000,77.0,2024-01-20 05:00:00,39.61222227195757
232,2024JAN20,053000,79.6,2024-01-20 05:30:00,40.94977782919249
233,2024JAN20,060000,79.6,2024-01-20 06:00:00,40.94977782919249
234,2024JAN20,063000,79.6,2024-01-20 06:30:00,40.94977782919249
235,2024JAN20,070000,79.6,2024-01-20 07:00:00,40.94977782919249
236,2024JAN20,073000,79.6,2024-01-20 07:30:00,40.94977782919249
237,2024JAN20,080000,79.6,2024-01-20 08:00:00,40.94977782919249
238,2024JAN20,083000,79.6,2024-01-20 08:30:00,40.94977782919249
239,2024JAN20,090000,79.6,2024-01-20 09:00:00,40.94977782919249
240,2024JAN20,093000,79.6,2024-01-20 09:30:00,40.94977782919249
241,2024JAN20,100000,79.6,2024-01-20 10:00:00,40.94977782919249
242,2024JAN20,103000,79.6,2024-01-20 10:30:00,40.94977782919249
243,2024JAN20,110000,82.2,2024-01-20 11:00:00,42.28733338642743
244,2024JAN20,113000,82.2,2024-01-20 11:30:00,42.28733338642743
245,2024JAN20,120000,82.2,2024-01-20 12:00:00,42.28733338642743
246,2024JAN20,123000,82.2,2024-01-20 12:30:00,42.28733338642743
247,2024JAN20,130000,82.2,2024-01-20 13:00:00,42.28733338642743
248,2024JAN20,133000,82.2,2024-01-20 13:30:00,42.28733338642743
249,2024JAN20,140000,82.2,2024-01-20 14:00:00,42.28733338642743
250,2024JAN20,142000,82.2,2024-01-20 14:20:00,42.28733338642743
251,2024JAN20,150000,82.2,2024-01-20 15:00:00,42.28733338642743
252,2024JAN20,153000,82.2,2024-01-20 15:30:00,42.28733338642743
253,2024JAN20,160000,82.2,2024-01-20 16:00:00,42.28733338642743
254,2024JAN20,163000,82.2,2024-01-20 16:30:00,42.28733338642743
255,2024JAN20,170000,82.2,2024-01-20 17:00:00,42.28733338642743
256,2024JAN20,173000,82.2,2024-01-20 17:30:00,42.28733338642743
257,2024JAN20,180000,82.2,2024-01-20 18:00:00,42.28733338642743
258,2024JAN20,183000,82.2,2024-01-20 18:30:00,42.28733338642743
259,2024JAN20,190000,82.2,2024-01-20 19:00:00,42.28733338642743
260,2024JAN20,193000,82.2,2024-01-20 19:30:00,42.28733338642743
261,2024JAN20,200000,82.2,2024-01-20 20:00:00,42.28733338642743
262,2024JAN20,203000,82.2,2024-01-20 20:30:00,42.28733338642743
263,2024JAN20,210000,82.2,2024-01-20 21:00:00,42.28733338642743
264,2024JAN20,213000,82.2,2024-01-20 21:30:00,42.28733338642743
265,2024JAN20,220000,79.6,2024-01-20 22:00:00,40.94977782919249
266,2024JAN20,223000,77.0,2024-01-20 22:30:00,39.61222227195757
267,2024JAN20,230000,74.6,2024-01-20 23:00:00,38.3775556037407
268,2024JAN20,233000,72.2,2024-01-20 23:30:00,37.14288893552385
269,2024JAN21,000000,69.8,2024-01-21 00:00:00,35.90822226730699
270,2024JAN21,003000,65.0,2024-01-21 00:30:00,33.43888893087327
271,2024JAN21,010000,65.0,2024-01-21 01:00:00,33.43888893087327
272,2024JAN21,013000,63.0,2024-01-21 01:30:00,32.41000004069255
273,2024JAN21,020000,63.0,2024-01-21 02:00:00,32.41000004069255
274,2024JAN21,022000,63.0,2024-01-21 02:20:00,32.41000004069255
275,2024JAN21,030000,63.0,2024-01-21 03:00:00,32.41000004069255
276,2024JAN21,033000,63.0,2024-01-21 03:30:00,32.41000004069255
277,2024JAN21,040000,63.0,2024-01-21 04:00:00,32.41000004069255
278,2024JAN21,043000,63.0,2024-01-21 04:30:00,32.41000004069255
279,2024JAN21,050000,61.0,2024-01-21 05:00:00,31.38111115051184
280,2024JAN21,053000,61.0,2024-01-21 05:30:00,31.38111115051184
281,2024JAN21,060000,59.0,2024-01-21 06:00:00,30.35222226033112
282,2024JAN21,063000,55.0,2024-01-21 06:30:00,28.29444447996969
283,2024JAN21,070000,55.0,2024-01-21 07:00:00,28.29444447996969
284,2024JAN21,073000,53.0,2024-01-21 07:30:00,27.265555589788974
285,2024JAN21,080000,51.0,2024-01-21 08:00:00,26.236666699608257
286,2024JAN21,083000,49.0,2024-01-21 08:30:00,25.207777809427544
287,2024JAN21,090000,49.0,2024-01-21 09:00:00,25.207777809427544
288,2024JAN21,093000,49.0,2024-01-21 09:30:00,25.207777809427544
289,2024JAN21,100000,49.0,2024-01-21 10:00:00,25.207777809427544
290,2024JAN21,103000,49.0,2024-01-21 10:30:00,25.207777809427544
291,2024JAN21,110000,47.0,2024-01-21 11:00:00,24.178888919246827
292,2024JAN21,113000,47.0,2024-01-21 11:30:00,24.178888919246827
293,2024JAN21,120000,47.0,2024-01-21 12:00:00,24.178888919246827
294,2024JAN21,123000,47.0,2024-01-21 12:30:00,24.178888919246827
295,2024JAN21,130000,47.0,2024-01-21 13:00:00,24.178888919246827
296,2024JAN21,133000,47.0,2024-01-21 13:30:00,24.178888919246827
297,2024JAN21,140000,47.0,2024-01-21 14:00:00,24.178888919246827
298,2024JAN21,142000,47.0,2024-01-21 14:20:00,24.178888919246827
299,2024JAN21,150000,47.0,2024-01-21 15:00:00,24.178888919246827
300,2024JAN21,153000,47.0,2024-01-21 15:30:00,24.178888919246827
301,2024JAN21,160000,47.0,2024-01-21 16:00:00,24.178888919246827
302,2024JAN21,163000,47.0,2024-01-21 16:30:00,24.178888919246827
303,2024JAN21,170000,47.0,2024-01-21 17:00:00,24.178888919246827
304,2024JAN21,173000,47.0,2024-01-21 17:30:00,24.178888919246827
305,2024JAN21,180000,47.0,2024-01-21 18:00:00,24.178888919246827
306,2024JAN21,183000,47.0,2024-01-21 18:30:00,24.178888919246827
307,2024JAN21,190000,47.0,2024-01-21 19:00:00,24.178888919246827
308,2024JAN21,193000,47.0,2024-01-21 19:30:00,24.178888919246827
309,2024JAN21,200000,47.0,2024-01-21 20:00:00,24.178888919246827
310,2024JAN21,203000,47.0,2024-01-21 20:30:00,24.178888919246827
311,2024JAN21,210000,47.0,2024-01-21 21:00:00,24.178888919246827
312,2024JAN21,213000,45.0,2024-01-21 21:30:00,23.15000002906611
313,2024JAN21,220000,45.0,2024-01-21 22:00:00,23.15000002906611
314,2024JAN21,223000,43.0,2024-01-21 22:30:00,22.121111138885393
315,2024JAN21,230000,41.0,2024-01-21 23:00:00,21.09222224870468
316,2024JAN21,233000,41.0,2024-01-21 23:30:00,21.09222224870468
317,2024JAN22,000000,41.0,2024-01-22 00:00:00,21.09222224870468
318,2024JAN22,003000,41.0,2024-01-22 00:30:00,21.09222224870468
319,2024JAN22,010000,41.0,2024-01-22 01:00:00,21.09222224870468
320,2024JAN22,013000,41.0,2024-01-22 01:30:00,21.09222224870468
321,2024JAN22,020000,41.0,2024-01-22 02:00:00,21.09222224870468
322,2024JAN22,022000,41.0,2024-01-22 02:20:00,21.09222224870468
323,2024JAN22,030000,41.0,2024-01-22 03:00:00,21.09222224870468
324,2024JAN22,033000,41.0,2024-01-22 03:30:00,21.09222224870468
325,2024JAN22,040000,43.0,2024-01-22 04:00:00,22.121111138885393
326,2024JAN22,043000,45.0,2024-01-22 04:30:00,23.15000002906611
327,2024JAN22,050000,45.0,2024-01-22 05:00:00,23.15000002906611
328,2024JAN22,053000,49.0,2024-01-22 05:30:00,25.207777809427544
329,2024JAN22,060000,51.0,2024-01-22 06:00:00,26.236666699608257
330,2024JAN22,063000,51.0,2024-01-22 06:30:00,26.236666699608257
331,2024JAN22,070000,51.0,2024-01-22 07:00:00,26.236666699608257
332,2024JAN22,073000,51.0,2024-01-22 07:30:00,26.236666699608257
333,2024JAN22,080000,51.0,2024-01-22 08:00:00,26.236666699608257
334,2024JAN22,083000,51.0,2024-01-22 08:30:00,26.236666699608257
335,2024JAN22,090000,51.0,2024-01-22 09:00:00,26.236666699608257
336,2024JAN22,093000,51.0,2024-01-22 09:30:00,26.236666699608257
337,2024JAN22,100000,51.0,2024-01-22 10:00:00,26.236666699608257
338,2024JAN22,103000,51.0,2024-01-22 10:30:00,26.236666699608257
339,2024JAN22,110000,51.0,2024-01-22 11:00:00,26.236666699608257
340,2024JAN22,113000,51.0,2024-01-22 11:30:00,26.236666699608257
341,2024JAN22,120000,51.0,2024-01-22 12:00:00,26.236666699608257
342,2024JAN22,123000,51.0,2024-01-22 12:30:00,26.236666699608257
343,2024JAN22,130000,51.0,2024-01-22 13:00:00,26.236666699608257
344,2024JAN22,133000,51.0,2024-01-22 13:30:00,26.236666699608257
345,2024JAN22,140000,51.0,2024-01-22 14:00:00,26.236666699608257
346,2024JAN22,142000,51.0,2024-01-22 14:20:00,26.236666699608257
347,2024JAN22,150000,51.0,2024-01-22 15:00:00,26.236666699608257
348,2024JAN22,153000,51.0,2024-01-22 15:30:00,26.236666699608257
349,2024JAN22,160000,51.0,2024-01-22 16:00:00,26.236666699608257
350,2024JAN22,163000,51.0,2024-01-22 16:30:00,26.236666699608257
351,2024JAN22,170000,51.0,2024-01-22 17:00:00,26.236666699608257
352,2024JAN22,173000,51.0,2024-01-22 17:30:00,26.236666699608257
353,2024JAN22,180000,51.0,2024-01-22 18:00:00,26.236666699608257
354,2024JAN22,183000,49.0,2024-01-22 18:30:00,25.207777809427544
355,2024JAN22,190000,49.0,2024-01-22 19:00:00,25.207777809427544
356,2024JAN22,193000,49.0,2024-01-22 19:30:00,25.207777809427544
357,2024JAN22,200000,49.0,2024-01-22 20:00:00,25.207777809427544
358,2024JAN22,203000,47.0,2024-01-22 20:30:00,24.178888919246827
359,2024JAN22,205000,47.0,2024-01-22 20:50:00,24.178888919246827
360,2024JAN22,213000,47.0,2024-01-22 21:30:00,24.178888919246827
361,2024JAN22,220000,47.0,2024-01-22 22:00:00,24.178888919246827
362,2024JAN22,223000,47.0,2024-01-22 22:30:00,24.178888919246827
363,2024JAN22,230000,45.0,2024-01-22 23:00:00,23.15000002906611
364,2024JAN22,233000,45.0,2024-01-22 23:30:00,23.15000002906611
365,2024JAN23,000000,45.0,2024-01-23 00:00:00,23.15000002906611
366,2024JAN23,003000,43.0,2024-01-23 00:30:00,22.121111138885393
367,2024JAN23,010000,43.0,2024-01-23 01:00:00,22.121111138885393
368,2024JAN23,013000,41.0,2024-01-23 01:30:00,21.09222224870468
369,2024JAN23,020000,43.0,2024-01-23 02:00:00,22.121111138885393
370,2024JAN23,022000,45.0,2024-01-23 02:20:00,23.15000002906611
371,2024JAN23,030000,45.0,2024-01-23 03:00:00,23.15000002906611
372,2024JAN23,033000,45.0,2024-01-23 03:30:00,23.15000002906611
373,2024JAN23,040000,45.0,2024-01-23 04:00:00,23.15000002906611
374,2024JAN23,043000,45.0,2024-01-23 04:30:00,23.15000002906611
375,2024JAN23,050000,45.0,2024-01-23 05:00:00,23.15000002906611
376,2024JAN23,053000,45.0,2024-01-23 05:30:00,23.15000002906611
377,2024JAN23,060000,45.0,2024-01-23 06:00:00,23.15000002906611
378,2024JAN23,063000,45.0,2024-01-23 06:30:00,23.15000002906611
379,2024JAN23,070000,45.0,2024-01-23 07:00:00,23.15000002906611
380,2024JAN23,073000,47.0,2024-01-23 07:30:00,24.178888919246827
381,2024JAN23,080000,49.0,2024-01-23 08:00:00,25.207777809427544
382,2024JAN23,083000,49.0,2024-01-23 08:30:00,25.207777809427544
383,2024JAN23,090000,49.0,2024-01-23 09:00:00,25.207777809427544
384,2024JAN23,093000,49.0,2024-01-23 09:30:00,25.207777809427544
385,2024JAN23,100000,49.0,2024-01-23 10:00:00,25.207777809427544
386,2024JAN23,103000,49.0,2024-01-23 10:30:00,25.207777809427544
387,2024JAN23,110000,49.0,2024-01-23 11:00:00,25.207777809427544
388,2024JAN23,113000,49.0,2024-01-23 11:30:00,25.207777809427544
389,2024JAN23,120000,53.0,2024-01-23 12:00:00,27.265555589788974
390,2024JAN23,123000,53.0,2024-01-23 12:30:00,27.265555589788974
391,2024JAN23,130000,53.0,2024-01-23 13:00:00,27.265555589788974
392,2024JAN23,133000,53.0,2024-01-23 13:30:00,27.265555589788974
393,2024JAN23,140000,53.0,2024-01-23 14:00:00,27.265555589788974
394,2024JAN23,142000,53.0,2024-01-23 14:20:00,27.265555589788974
395,2024JAN23,150000,53.0,2024-01-23 15:00:00,27.265555589788974
396,2024JAN23,153000,53.0,2024-01-23 15:30:00,27.265555589788974
397,2024JAN23,160000,53.0,2024-01-23 16:00:00,27.265555589788974
398,2024JAN23,163000,53.0,2024-01-23 16:30:00,27.265555589788974
399,2024JAN23,170000,53.0,2024-01-23 17:00:00,27.265555589788974
400,2024JAN23,173000,53.0,2024-01-23 17:30:00,27.265555589788974
401,2024JAN23,180000,53.0,2024-01-23 18:00:00,27.265555589788974
402,2024JAN23,183000,53.0,2024-01-23 18:30:00,27.265555589788974
403,2024JAN23,190000,53.0,2024-01-23 19:00:00,27.265555589788974
404,2024JAN23,193000,53.0,2024-01-23 19:30:00,27.265555589788974
405,2024JAN23,200000,53.0,2024-01-23 20:00:00,27.265555589788974
406,2024JAN23,203000,51.0,2024-01-23 20:30:00,26.236666699608257
407,2024JAN23,210000,51.0,2024-01-23 21:00:00,26.236666699608257
408,2024JAN23,213000,51.0,2024-01-23 21:30:00,26.236666699608257
409,2024JAN23,220000,51.0,2024-01-23 22:00:00,26.236666699608257
410,2024JAN23,223000,51.0,2024-01-23 22:30:00,26.236666699608257
411,2024JAN23,230000,51.0,2024-01-23 23:00:00,26.236666699608257
412,2024JAN23,233000,51.0,2024-01-23 23:30:00,26.236666699608257
413,2024JAN24,000000,51.0,2024-01-24 00:00:00,26.236666699608257
414,2024JAN24,003000,51.0,2024-01-24 00:30:00,26.236666699608257
415,2024JAN24,010000,51.0,2024-01-24 01:00:00,26.236666699608257
416,2024JAN24,013000,51.0,2024-01-24 01:30:00,26.236666699608257
417,2024JAN24,020000,49.0,2024-01-24 02:00:00,25.207777809427544
418,2024JAN24,022000,49.0,2024-01-24 02:20:00,25.207777809427544
419,2024JAN24,030000,49.0,2024-01-24 03:00:00,25.207777809427544
420,2024JAN24,033000,47.0,2024-01-24 03:30:00,24.178888919246827
421,2024JAN24,040000,47.0,2024-01-24 04:00:00,24.178888919246827
422,2024JAN24,043000,47.0,2024-01-24 04:30:00,24.178888919246827
423,2024JAN24,050000,47.0,2024-01-24 05:00:00,24.178888919246827
424,2024JAN24,053000,47.0,2024-01-24 05:30:00,24.178888919246827
425,2024JAN24,060000,49.0,2024-01-24 06:00:00,25.207777809427544
426,2024JAN24,063000,51.0,2024-01-24 06:30:00,26.236666699608257
427,2024JAN24,070000,55.0,2024-01-24 07:00:00,28.29444447996969
428,2024JAN24,073000,59.0,2024-01-24 07:30:00,30.35222226033112
429,2024JAN24,080000,65.0,2024-01-24 08:00:00,33.43888893087327
430,2024JAN24,083000,67.4,2024-01-24 08:30:00,34.673555599090136
431,2024JAN24,090000,72.2,2024-01-24 09:00:00,37.14288893552385
432,2024JAN24,093000,74.6,2024-01-24 09:30:00,38.3775556037407
433,2024JAN24,100000,79.6,2024-01-24 10:00:00,40.94977782919249
434,2024JAN24,103000,79.6,2024-01-24 10:30:00,40.94977782919249
435,2024JAN24,110000,79.6,2024-01-24 11:00:00,40.94977782919249
436,2024JAN24,113000,79.6,2024-01-24 11:30:00,40.94977782919249
437,2024JAN24,120000,82.2,2024-01-24 12:00:00,42.28733338642743
438,2024JAN24,123000,82.2,2024-01-24 12:30:00,42.28733338642743
439,2024JAN24,130000,84.8,2024-01-24 13:00:00,43.624888943662356
440,2024JAN24,133000,87.4,2024-01-24 13:30:00,44.96244450089729
441,2024JAN24,140000,87.4,2024-01-24 14:00:00,44.96244450089729
442,2024JAN24,142000,90.0,2024-01-24 14:20:00,46.30000005813222
443,2024JAN24,150000,92.4,2024-01-24 15:00:00,47.53466672634908
444,2024JAN24,153000,94.8,2024-01-24 15:30:00,48.76933339456594
445,2024JAN24,154500,94.8,2024-01-24 15:45:00,48.76933339456594
446,2024JAN24,161500,94.8,2024-01-24 16:15:00,48.76933339456594
447,2024JAN24,164500,94.8,2024-01-24 16:45:00,48.76933339456594
448,2024JAN24,171500,94.8,2024-01-24 17:15:00,48.76933339456594
449,2024JAN24,174500,94.8,2024-01-24 17:45:00,48.76933339456594
450,2024JAN24,181500,94.8,2024-01-24 18:15:00,48.76933339456594
451,2024JAN24,184500,94.8,2024-01-24 18:45:00,48.76933339456594
452,2024JAN24,191500,94.8,2024-01-24 19:15:00,48.76933339456594
453,2024JAN24,200000,94.8,2024-01-24 20:00:00,48.76933339456594
454,2024JAN24,203000,94.8,2024-01-24 20:30:00,48.76933339456594
455,2024JAN24,210000,94.8,2024-01-24 21:00:00,48.76933339456594
456,2024JAN24,213000,94.8,2024-01-24 21:30:00,48.76933339456594
457,2024JAN24,220000,94.8,2024-01-24 22:00:00,48.76933339456594
458,2024JAN24,223000,94.8,2024-01-24 22:30:00,48.76933339456594
459,2024JAN24,224500,94.8,2024-01-24 22:45:00,48.76933339456594
460,2024JAN24,231500,92.4,2024-01-24 23:15:00,47.53466672634908
461,2024JAN24,234500,92.4,2024-01-24 23:45:00,47.53466672634908
462,2024JAN25,004500,92.4,2024-01-25 00:45:00,47.53466672634908
463,2024JAN25,011500,92.4,2024-01-25 01:15:00,47.53466672634908
464,2024JAN25,014500,92.4,2024-01-25 01:45:00,47.53466672634908
465,2024JAN25,021500,92.4,2024-01-25 02:15:00,47.53466672634908
466,2024JAN25,024500,92.4,2024-01-25 02:45:00,47.53466672634908
467,2024JAN25,031500,92.4,2024-01-25 03:15:00,47.53466672634908
468,2024JAN25,041500,92.4,2024-01-25 04:15:00,47.53466672634908
469,2024JAN25,044500,90.0,2024-01-25 04:45:00,46.30000005813222
470,2024JAN25,051500,90.0,2024-01-25 05:15:00,46.30000005813222
471,2024JAN25,054500,84.8,2024-01-25 05:45:00,43.624888943662356
472,2024JAN25,061500,84.8,2024-01-25 06:15:00,43.624888943662356
473,2024JAN25,064500,84.8,2024-01-25 06:45:00,43.624888943662356
474,2024JAN25,071500,82.2,2024-01-25 07:15:00,42.28733338642743
475,2024JAN25,081500,82.2,2024-01-25 08:15:00,42.28733338642743
476,2024JAN25,084500,82.2,2024-01-25 08:45:00,42.28733338642743
477,2024JAN25,091500,82.2,2024-01-25 09:15:00,42.28733338642743
478,2024JAN25,094500,82.2,2024-01-25 09:45:00,42.28733338642743
479,2024JAN25,101500,82.2,2024-01-25 10:15:00,42.28733338642743
480,2024JAN25,104500,82.2,2024-01-25 10:45:00,42.28733338642743
481,2024JAN25,111500,82.2,2024-01-25 11:15:00,42.28733338642743
482,2024JAN25,121500,82.2,2024-01-25 12:15:00,42.28733338642743
483,2024JAN25,124500,82.2,2024-01-25 12:45:00,42.28733338642743
484,2024JAN25,131500,79.6,2024-01-25 13:15:00,40.94977782919249
485,2024JAN25,134500,79.6,2024-01-25 13:45:00,40.94977782919249
486,2024JAN25,141500,79.6,2024-01-25 14:15:00,40.94977782919249
487,2024JAN25,144500,79.6,2024-01-25 14:45:00,40.94977782919249
488,2024JAN25,154500,74.6,2024-01-25 15:45:00,38.3775556037407
489,2024JAN25,161500,69.8,2024-01-25 16:15:00,35.90822226730699
490,2024JAN25,164500,69.8,2024-01-25 16:45:00,35.90822226730699
491,2024JAN25,171500,77.0,2024-01-25 17:15:00,39.61222227195757
492,2024JAN25,174500,82.2,2024-01-25 17:45:00,42.28733338642743
493,2024JAN25,181500,90.0,2024-01-25 18:15:00,46.30000005813222
494,2024JAN25,191500,94.8,2024-01-25 19:15:00,48.76933339456594
495,2024JAN25,194500,94.8,2024-01-25 19:45:00,48.76933339456594
496,2024JAN25,201500,94.8,2024-01-25 20:15:00,48.76933339456594
497,2024JAN25,204500,94.8,2024-01-25 20:45:00,48.76933339456594
498,2024JAN25,211500,94.8,2024-01-25 21:15:00,48.76933339456594
499,2024JAN25,214500,94.8,2024-01-25 21:45:00,48.76933339456594
500,2024JAN25,224500,94.8,2024-01-25 22:45:00,48.76933339456594
501,2024JAN25,231500,94.8,2024-01-25 23:15:00,48.76933339456594
502,2024JAN25,234500,99.6,2024-01-25 23:45:00,51.238666730999654
503,2024JAN26,001500,107.2,2024-01-26 00:15:00,55.14844451368638
504,2024JAN26,004500,109.8,2024-01-26 00:45:00,56.48600007092131
505,2024JAN26,011500,109.8,2024-01-26 01:15:00,56.48600007092131
506,2024JAN26,014500,109.8,2024-01-26 01:45:00,56.48600007092131
507,2024JAN26,021500,109.8,2024-01-26 02:15:00,56.48600007092131
508,2024JAN26,024500,109.8,2024-01-26 02:45:00,56.48600007092131
509,2024JAN26,031500,109.8,2024-01-26 03:15:00,56.48600007092131
510,2024JAN26,034500,109.8,2024-01-26 03:45:00,56.48600007092131
511,2024JAN26,041500,109.8,2024-01-26 04:15:00,56.48600007092131
512,2024JAN26,044500,109.8,2024-01-26 04:45:00,56.48600007092131
513,2024JAN26,051500,109.8,2024-01-26 05:15:00,56.48600007092131
514,2024JAN26,054500,109.8,2024-01-26 05:45:00,56.48600007092131
515,2024JAN26,061500,109.8,2024-01-26 06:15:00,56.48600007092131
516,2024JAN26,064500,109.8,2024-01-26 06:45:00,56.48600007092131
517,2024JAN26,071500,109.8,2024-01-26 07:15:00,56.48600007092131
518,2024JAN26,074500,109.8,2024-01-26 07:45:00,56.48600007092131
519,2024JAN26,084500,107.2,2024-01-26 08:45:00,55.14844451368638
520,2024JAN26,091500,107.2,2024-01-26 09:15:00,55.14844451368638
521,2024JAN26,094500,107.2,2024-01-26 09:45:00,55.14844451368638
522,2024JAN26,101500,107.2,2024-01-26 10:15:00,55.14844451368638
523,2024JAN26,104500,107.2,2024-01-26 10:45:00,55.14844451368638
524,2024JAN26,114500,107.2,2024-01-26 11:45:00,55.14844451368638
525,2024JAN26,121500,107.2,2024-01-26 12:15:00,55.14844451368638
526,2024JAN26,124500,107.2,2024-01-26 12:45:00,55.14844451368638
527,2024JAN26,131500,107.2,2024-01-26 13:15:00,55.14844451368638
528,2024JAN26,134500,107.2,2024-01-26 13:45:00,55.14844451368638
529,2024JAN26,140000,107.2,2024-01-26 14:00:00,55.14844451368638
530,2024JAN26,143000,107.2,2024-01-26 14:30:00,55.14844451368638
531,2024JAN26,150000,107.2,2024-01-26 15:00:00,55.14844451368638
532,2024JAN26,153000,104.6,2024-01-26 15:30:00,53.81088895645144
533,2024JAN26,160000,102.0,2024-01-26 16:00:00,52.473333399216514
534,2024JAN26,163000,102.0,2024-01-26 16:30:00,52.473333399216514
535,2024JAN26,170000,102.0,2024-01-26 17:00:00,52.473333399216514
536,2024JAN26,173000,102.0,2024-01-26 17:30:00,52.473333399216514
537,2024JAN26,180000,97.2,2024-01-26 18:00:00,50.0040000627828
538,2024JAN26,183000,94.8,2024-01-26 18:30:00,48.76933339456594
539,2024JAN26,190000,94.8,2024-01-26 19:00:00,48.76933339456594
540,2024JAN26,193000,92.4,2024-01-26 19:30:00,47.53466672634908
541,2024JAN26,200000,92.4,2024-01-26 20:00:00,47.53466672634908
542,2024JAN26,203000,92.4,2024-01-26 20:30:00,47.53466672634908
543,2024JAN26,210000,90.0,2024-01-26 21:00:00,46.30000005813222
544,2024JAN26,213000,90.0,2024-01-26 21:30:00,46.30000005813222
545,2024JAN26,220000,90.0,2024-01-26 22:00:00,46.30000005813222
546,2024JAN26,223000,87.4,2024-01-26 22:30:00,44.96244450089729
547,2024JAN26,230000,87.4,2024-01-26 23:00:00,44.96244450089729
548,2024JAN26,233000,84.8,2024-01-26 23:30:00,43.624888943662356
549,2024JAN27,000000,84.8,2024-01-27 00:00:00,43.624888943662356
550,2024JAN27,003000,82.2,2024-01-27 00:30:00,42.28733338642743
551,2024JAN27,010000,82.2,2024-01-27 01:00:00,42.28733338642743
552,2024JAN27,013000,79.6,2024-01-27 01:30:00,40.94977782919249
553,2024JAN27,020000,79.6,2024-01-27 02:00:00,40.94977782919249
554,2024JAN27,023000,79.6,2024-01-27 02:30:00,40.94977782919249
555,2024JAN27,030000,79.6,2024-01-27 03:00:00,40.94977782919249
556,2024JAN27,033000,77.0,2024-01-27 03:30:00,39.61222227195757
557,2024JAN27,040000,77.0,2024-01-27 04:00:00,39.61222227195757
558,2024JAN27,043000,77.0,2024-01-27 04:30:00,39.61222227195757
559,2024JAN27,050000,77.0,2024-01-27 05:00:00,39.61222227195757
560,2024JAN27,053000,77.0,2024-01-27 05:30:00,39.61222227195757
561,2024JAN27,060000,74.6,2024-01-27 06:00:00,38.3775556037407
562,2024JAN27,063000,69.8,2024-01-27 06:30:00,35.90822226730699
563,2024JAN27,070000,69.8,2024-01-27 07:00:00,35.90822226730699
564,2024JAN27,073000,69.8,2024-01-27 07:30:00,35.90822226730699
565,2024JAN27,080000,69.8,2024-01-27 08:00:00,35.90822226730699
566,2024JAN27,083000,72.2,2024-01-27 08:30:00,37.14288893552385
567,2024JAN27,090000,74.6,2024-01-27 09:00:00,38.3775556037407
568,2024JAN27,093000,79.6,2024-01-27 09:30:00,40.94977782919249
569,2024JAN27,100000,87.4,2024-01-27 10:00:00,44.96244450089729
570,2024JAN27,103000,92.4,2024-01-27 10:30:00,47.53466672634908
571,2024JAN27,110000,92.4,2024-01-27 11:00:00,47.53466672634908
572,2024JAN27,113000,94.8,2024-01-27 11:30:00,48.76933339456594
573,2024JAN27,120000,97.2,2024-01-27 12:00:00,50.0040000627828
574,2024JAN27,123000,97.2,2024-01-27 12:30:00,50.0040000627828
575,2024JAN27,130000,97.2,2024-01-27 13:00:00,50.0040000627828
576,2024JAN27,133000,97.2,2024-01-27 13:30:00,50.0040000627828
577,2024JAN27,140000,97.2,2024-01-27 14:00:00,50.0040000627828
578,2024JAN27,143000,97.2,2024-01-27 14:30:00,50.0040000627828
579,2024JAN27,150000,97.2,2024-01-27 15:00:00,50.0040000627828
580,2024JAN27,153000,97.2,2024-01-27 15:30:00,50.0040000627828
581,2024JAN27,160000,97.2,2024-01-27 16:00:00,50.0040000627828
582,2024JAN27,163000,97.2,2024-01-27 16:30:00,50.0040000627828
583,2024JAN27,170000,97.2,2024-01-27 17:00:00,50.0040000627828
584,2024JAN27,173000,97.2,2024-01-27 17:30:00,50.0040000627828
585,2024JAN27,180000,97.2,2024-01-27 18:00:00,50.0040000627828
586,2024JAN27,183000,97.2,2024-01-27 18:30:00,50.0040000627828
587,2024JAN27,190000,97.2,2024-01-27 19:00:00,50.0040000627828
588,2024JAN27,193000,97.2,2024-01-27 19:30:00,50.0040000627828
589,2024JAN27,200000,97.2,2024-01-27 20:00:00,50.0040000627828
590,2024JAN27,203000,94.8,2024-01-27 20:30:00,48.76933339456594
591,2024JAN27,210000,94.8,2024-01-27 21:00:00,48.76933339456594
592,2024JAN27,213000,92.4,2024-01-27 21:30:00,47.53466672634908
593,2024JAN27,220000,92.4,2024-01-27 22:00:00,47.53466672634908
594,2024JAN27,223000,90.0,2024-01-27 22:30:00,46.30000005813222
595,2024JAN27,230000,87.4,2024-01-27 23:00:00,44.96244450089729
596,2024JAN27,233000,87.4,2024-01-27 23:30:00,44.96244450089729
597,2024JAN28,000000,87.4,2024-01-28 00:00:00,44.96244450089729
598,2024JAN28,003000,82.2,2024-01-28 00:30:00,42.28733338642743
599,2024JAN28,010000,82.2,2024-01-28 01:00:00,42.28733338642743
600,2024JAN28,013000,82.2,2024-01-28 01:30:00,42.28733338642743
601,2024JAN28,020000,82.2,2024-01-28 02:00:00,42.28733338642743
602,2024JAN28,023000,82.2,2024-01-28 02:30:00,42.28733338642743
603,2024JAN28,030000,82.2,2024-01-28 03:00:00,42.28733338642743
604,2024JAN28,033000,82.2,2024-01-28 03:30:00,42.28733338642743
605,2024JAN28,040000,82.2,2024-01-28 04:00:00,42.28733338642743
606,2024JAN28,043000,79.6,2024-01-28 04:30:00,40.94977782919249
607,2024JAN28,050000,77.0,2024-01-28 05:00:00,39.61222227195757
608,2024JAN28,053000,77.0,2024-01-28 05:30:00,39.61222227195757
609,2024JAN28,060000,77.0,2024-01-28 06:00:00,39.61222227195757
610,2024JAN28,063000,82.2,2024-01-28 06:30:00,42.28733338642743
611,2024JAN28,070000,84.8,2024-01-28 07:00:00,43.624888943662356
612,2024JAN28,073000,90.0,2024-01-28 07:30:00,46.30000005813222
613,2024JAN28,080000,97.2,2024-01-28 08:00:00,50.0040000627828
614,2024JAN28,083000,99.6,2024-01-28 08:30:00,51.238666730999654
615,2024JAN28,090000,104.6,2024-01-28 09:00:00,53.81088895645144
616,2024JAN28,093000,104.6,2024-01-28 09:30:00,53.81088895645144
617,2024JAN28,100000,104.6,2024-01-28 10:00:00,53.81088895645144
618,2024JAN28,103000,104.6,2024-01-28 10:30:00,53.81088895645144
619,2024JAN28,110000,107.2,2024-01-28 11:00:00,55.14844451368638
620,2024JAN28,113000,107.2,2024-01-28 11:30:00,55.14844451368638
621,2024JAN28,120000,107.2,2024-01-28 12:00:00,55.14844451368638
622,2024JAN28,123000,107.2,2024-01-28 12:30:00,55.14844451368638
623,2024JAN28,130000,107.2,2024-01-28 13:00:00,55.14844451368638
624,2024JAN28,133000,107.2,2024-01-28 13:30:00,55.14844451368638
625,2024JAN28,140000,107.2,2024-01-28 14:00:00,55.14844451368638
626,2024JAN28,143000,107.2,2024-01-28 14:30:00,55.14844451368638
627,2024JAN28,150000,107.2,2024-01-28 15:00:00,55.14844451368638
628,2024JAN28,153000,107.2,2024-01-28 15:30:00,55.14844451368638
629,2024JAN28,160000,107.2,2024-01-28 16:00:00,55.14844451368638
630,2024JAN28,163000,107.2,2024-01-28 16:30:00,55.14844451368638
631,2024JAN28,170000,107.2,2024-01-28 17:00:00,55.14844451368638
632,2024JAN28,173000,104.6,2024-01-28 17:30:00,53.81088895645144
633,2024JAN28,180000,107.2,2024-01-28 18:00:00,55.14844451368638
634,2024JAN28,183000,109.8,2024-01-28 18:30:00,56.48600007092131
635,2024JAN28,190000,109.8,2024-01-28 19:00:00,56.48600007092131
636,2024JAN28,193000,109.8,2024-01-28 19:30:00,56.48600007092131
637,2024JAN28,200000,109.8,2024-01-28 20:00:00,56.48600007092131
638,2024JAN28,203000,109.8,2024-01-28 20:30:00,56.48600007092131
639,2024JAN28,210000,109.8,2024-01-28 21:00:00,56.48600007092131
640,2024JAN28,213000,109.8,2024-01-28 21:30:00,56.48600007092131
641,2024JAN28,220000,109.8,2024-01-28 22:00:00,56.48600007092131
642,2024JAN28,223000,109.8,2024-01-28 22:30:00,56.48600007092131
643,2024JAN28,230000,109.8,2024-01-28 23:00:00,56.48600007092131
644,2024JAN28,233000,109.8,2024-01-28 23:30:00,56.48600007092131
645,2024JAN29,000000,109.8,2024-01-29 00:00:00,56.48600007092131
646,2024JAN29,003000,109.8,2024-01-29 00:30:00,56.48600007092131
647,2024JAN29,010000,109.8,2024-01-29 01:00:00,56.48600007092131
648,2024JAN29,013000,109.8,2024-01-29 01:30:00,56.48600007092131
649,2024JAN29,020000,107.2,2024-01-29 02:00:00,55.14844451368638
650,2024JAN29,023000,107.2,2024-01-29 02:30:00,55.14844451368638
651,2024JAN29,030000,107.2,2024-01-29 03:00:00,55.14844451368638
652,2024JAN29,033000,104.6,2024-01-29 03:30:00,53.81088895645144
653,2024JAN29,040000,104.6,2024-01-29 04:00:00,53.81088895645144
654,2024JAN29,043000,104.6,2024-01-29 04:30:00,53.81088895645144
655,2024JAN29,050000,104.6,2024-01-29 05:00:00,53.81088895645144
656,2024JAN29,053000,104.6,2024-01-29 05:30:00,53.81088895645144
657,2024JAN29,060000,107.2,2024-01-29 06:00:00,55.14844451368638
658,2024JAN29,063000,107.2,2024-01-29 06:30:00,55.14844451368638
659,2024JAN29,070000,109.8,2024-01-29 07:00:00,56.48600007092131
660,2024JAN29,073000,109.8,2024-01-29 07:30:00,56.48600007092131
661,2024JAN29,080000,115.0,2024-01-29 08:00:00,59.16111118539117
662,2024JAN29,083000,115.0,2024-01-29 08:30:00,59.16111118539117
663,2024JAN29,090000,117.4,2024-01-29 09:00:00,60.39577785360803
664,2024JAN29,093000,117.4,2024-01-29 09:30:00,60.39577785360803
665,2024JAN29,100000,119.8,2024-01-29 10:00:00,61.63044452182489
666,2024JAN29,103000,119.8,2024-01-29 10:30:00,61.63044452182489
667,2024JAN29,110000,119.8,2024-01-29 11:00:00,61.63044452182489
668,2024JAN29,113000,119.8,2024-01-29 11:30:00,61.63044452182489
669,2024JAN29,120000,119.8,2024-01-29 12:00:00,61.63044452182489
670,2024JAN29,123000,119.8,2024-01-29 12:30:00,61.63044452182489
671,2024JAN29,130000,119.8,2024-01-29 13:00:00,61.63044452182489
672,2024JAN29,133000,119.8,2024-01-29 13:30:00,61.63044452182489
673,2024JAN29,140000,119.8,2024-01-29 14:00:00,61.63044452182489
674,2024JAN29,143000,119.8,2024-01-29 14:30:00,61.63044452182489
675,2024JAN29,150000,119.8,2024-01-29 15:00:00,61.63044452182489
676,2024JAN29,153000,119.8,2024-01-29 15:30:00,61.63044452182489
677,2024JAN29,160000,119.8,2024-01-29 16:00:00,61.63044452182489
678,2024JAN29,163000,119.8,2024-01-29 16:30:00,61.63044452182489
679,2024JAN29,170000,119.8,2024-01-29 17:00:00,61.63044452182489
680,2024JAN29,173000,117.4,2024-01-29 17:30:00,60.39577785360803
681,2024JAN29,180000,117.4,2024-01-29 18:00:00,60.39577785360803
682,2024JAN29,183000,115.0,2024-01-29 18:30:00,59.16111118539117
683,2024JAN29,190000,112.4,2024-01-29 19:00:00,57.82355562815624
684,2024JAN29,193000,109.8,2024-01-29 19:30:00,56.48600007092131
685,2024JAN29,200000,107.2,2024-01-29 20:00:00,55.14844451368638
686,2024JAN29,203000,104.6,2024-01-29 20:30:00,53.81088895645144
687,2024JAN29,210000,102.0,2024-01-29 21:00:00,52.473333399216514
688,2024JAN29,213000,99.6,2024-01-29 21:30:00,51.238666730999654
689,2024JAN29,220000,99.6,2024-01-29 22:00:00,51.238666730999654
690,2024JAN29,223000,99.6,2024-01-29 22:30:00,51.238666730999654
691,2024JAN29,230000,97.2,2024-01-29 23:00:00,50.0040000627828
692,2024JAN29,233000,97.2,2024-01-29 23:30:00,50.0040000627828
693,2024JAN30,000000,97.2,2024-01-30 00:00:00,50.0040000627828
694,2024JAN30,003000,97.2,2024-01-30 00:30:00,50.0040000627828
695,2024JAN30,010000,97.2,2024-01-30 01:00:00,50.0040000627828
696,2024JAN30,013000,94.8,2024-01-30 01:30:00,48.76933339456594
697,2024JAN30,020000,92.4,2024-01-30 02:00:00,47.53466672634908
698,2024JAN30,023000,92.4,2024-01-30 02:30:00,47.53466672634908
699,2024JAN30,030000,84.8,2024-01-30 03:00:00,43.624888943662356
700,2024JAN30,033000,84.8,2024-01-30 03:30:00,43.624888943662356
701,2024JAN30,040000,82.2,2024-01-30 04:00:00,42.28733338642743
702,2024JAN30,043000,82.2,2024-01-30 04:30:00,42.28733338642743
703,2024JAN30,050000,82.2,2024-01-30 05:00:00,42.28733338642743
704,2024JAN30,053000,79.6,2024-01-30 05:30:00,40.94977782919249
705,2024JAN30,060000,79.6,2024-01-30 06:00:00,40.94977782919249
706,2024JAN30,063000,77.0,2024-01-30 06:30:00,39.61222227195757
707,2024JAN30,070000,77.0,2024-01-30 07:00:00,39.61222227195757
708,2024JAN30,073000,74.6,2024-01-30 07:30:00,38.3775556037407
709,2024JAN30,080000,74.6,2024-01-30 08:00:00,38.3775556037407
710,2024JAN30,083000,72.2,2024-01-30 08:30:00,37.14288893552385
711,2024JAN30,090000,72.2,2024-01-30 09:00:00,37.14288893552385
712,2024JAN30,093000,69.8,2024-01-30 09:30:00,35.90822226730699
713,2024JAN30,100000,69.8,2024-01-30 10:00:00,35.90822226730699
714,2024JAN30,103000,67.4,2024-01-30 10:30:00,34.673555599090136
715,2024JAN30,110000,65.0,2024-01-30 11:00:00,33.43888893087327
716,2024JAN30,113000,65.0,2024-01-30 11:30:00,33.43888893087327
717,2024JAN30,120000,65.0,2024-01-30 12:00:00,33.43888893087327
718,2024JAN30,123000,63.0,2024-01-30 12:30:00,32.41000004069255
719,2024JAN30,130000,63.0,2024-01-30 13:00:00,32.41000004069255
720,2024JAN30,133000,61.0,2024-01-30 13:30:00,31.38111115051184
721,2024JAN30,140000,61.0,2024-01-30 14:00:00,31.38111115051184
722,2024JAN30,143000,59.0,2024-01-30 14:30:00,30.35222226033112
723,2024JAN30,150000,59.0,2024-01-30 15:00:00,30.35222226033112
724,2024JAN30,153000,57.0,2024-01-30 15:30:00,29.323333370150408
725,2024JAN30,160000,57.0,2024-01-30 16:00:00,29.323333370150408
726,2024JAN30,163000,57.0,2024-01-30 16:30:00,29.323333370150408
727,2024JAN30,170000,55.0,2024-01-30 17:00:00,28.29444447996969
728,2024JAN30,173000,55.0,2024-01-30 17:30:00,28.29444447996969
729,2024JAN30,180000,55.0,2024-01-30 18:00:00,28.29444447996969
730,2024JAN30,183000,53.0,2024-01-30 18:30:00,27.265555589788974
731,2024JAN30,190000,53.0,2024-01-30 19:00:00,27.265555589788974
732,2024JAN30,193000,51.0,2024-01-30 19:30:00,26.236666699608257
733,2024JAN30,200000,51.0,2024-01-30 20:00:00,26.236666699608257
734,2024JAN30,210000,49.0,2024-01-30 21:00:00,25.207777809427544
735,2024JAN30,213000,47.0,2024-01-30 21:30:00,24.178888919246827
736,2024JAN30,220000,47.0,2024-01-30 22:00:00,24.178888919246827
737,2024JAN30,223000,47.0,2024-01-30 22:30:00,24.178888919246827
738,2024JAN30,230000,47.0,2024-01-30 23:00:00,24.178888919246827
739,2024JAN30,233000,45.0,2024-01-30 23:30:00,23.15000002906611
740,2024JAN31,000000,43.0,2024-01-31 00:00:00,22.121111138885393
741,2024JAN31,003000,41.0,2024-01-31 00:30:00,21.09222224870468
742,2024JAN31,010000,41.0,2024-01-31 01:00:00,21.09222224870468
743,2024JAN31,013000,37.0,2024-01-31 01:30:00,19.034444468343246
744,2024JAN31,020000,35.0,2024-01-31 02:00:00,18.005555578162532
745,2024JAN31,023000,35.0,2024-01-31 02:30:00,18.005555578162532
746,2024JAN31,030000,35.0,2024-01-31 03:00:00,18.005555578162532
747,2024JAN31,033000,34.0,2024-01-31 03:30:00,17.491111133072174
748,2024JAN31,040000,34.0,2024-01-31 04:00:00,17.491111133072174
749,2024JAN31,043000,34.0,2024-01-31 04:30:00,17.491111133072174
750,2024JAN31,050000,34.0,2024-01-31 05:00:00,17.491111133072174
751,2024JAN31,053000,33.0,2024-01-31 05:30:00,16.976666687981815
752,2024JAN31,060000,32.0,2024-01-31 06:00:00,16.462222242891457
753,2024JAN31,063000,32.0,2024-01-31 06:30:00,16.462222242891457
754,2024JAN31,070000,32.0,2024-01-31 07:00:00,16.462222242891457
755,2024JAN31,073000,31.0,2024-01-31 07:30:00,15.947777797801098
756,2024JAN31,080000,30.0,2024-01-31 08:00:00,15.43333335271074
757,2024JAN31,084500,30.0,2024-01-31 08:45:00,15.43333335271074
758,2024JAN31,091500,29.0,2024-01-31 09:15:00,14.918888907620383
759,2024JAN31,094500,29.0,2024-01-31 09:45:00,14.918888907620383
760,2024JAN31,101500,29.0,2024-01-31 10:15:00,14.918888907620383
761,2024JAN31,104500,29.0,2024-01-31 10:45:00,14.918888907620383
762,2024JAN31,111500,28.0,2024-01-31 11:15:00,14.404444462530025
763,2024JAN31,121500,27.0,2024-01-31 12:15:00,13.890000017439666
764,2024JAN31,124500,27.0,2024-01-31 12:45:00,13.890000017439666
765,2024JAN31,131500,26.0,2024-01-31 13:15:00,13.375555572349308
766,2024JAN31,134500,26.0,2024-01-31 13:45:00,13.375555572349308
767,2024JAN31,141500,26.0,2024-01-31 14:15:00,13.375555572349308
768,2024JAN31,144500,26.0,2024-01-31 14:45:00,13.375555572349308
769,2024JAN31,151500,25.0,2024-01-31 15:15:00,12.861111127258951
770,2024JAN31,161500,25.0,2024-01-31 16:15:00,12.861111127258951
771,2024JAN31,164500,25.0,2024-01-31 16:45:00,12.861111127258951
