cyclone,fichier
al102019,s1a-iw-owi-cm-20190920t221952-20190920t222132-000003-034DF5_ll_gd_GEO-IRWIN.nc
ep192022,s1a-iw-owi-cm-20221022t130700-20221022t130753-000003-057241_ll_gd_GEO-IRWIN.nc
sh122022,s1a-ew-owi-cm-20220213t143725-20220213t143926-000003-04FCF7_ll_gd_GEO-IRWIN.nc
ep052024,rcm2-sc50mb-owi-cm-20240807t134355-20240807t134513-00003-______ll_gd_GEO-IRWIN.nc
ep052024,rcm2-sc50ma-owi-cm-20240807t014852-20240807t015009-00003-______ll_gd_GEO-IRWIN.nc
al082023,rcm1-sc50mb-owi-cm-20230831t100925-20230831t101309-00003-______ll_gd_GEO-IRWIN.nc
al082023,s1a-iw-owi-cm-20230830t222518-20230830t222612-000003-0607CE_ll_gd_GEO-IRWIN.nc
wp042021,rcm2-sc50ma-owi-cm-20210603t101325-20210603t101821-00003-______ll_gd_GEO-IRWIN.nc
al282020,s1b-iw-owi-cm-20201026t235804-20201026t235944-000003-02D99A_ll_gd_GEO-IRWIN.nc
al022024,s1a-iw-owi-cm-20240705t114427-20240705t114546-000003-06A64E_ll_gd_GEO-IRWIN.nc
al132020,s1a-iw-owi-cm-20200827t000908-20200827t001138-000003-03F518_ll_gd_GEO-IRWIN.nc
sh032019,s1a-ew-owi-cm-20181110t020115-20181110t020319-000003-02B0A7_ll_gd_GEO-IRWIN.nc
al082021,rcm1-sc50mc-owi-cm-20210817t100853-20210817t101301-00003-______ll_gd_GEO-IRWIN.nc
al082021,rcm1-sc50mc-owi-cm-20210818t101756-20210818t102104-00003-______ll_gd_GEO-IRWIN.nc
al142021,s1a-iw-owi-cm-20210913t002506-20210913t002621-000003-04B04F_ll_gd_GEO-IRWIN.nc
sh022020,s1b-iw-owi-cm-20191208t022442-20191208t022601-000003-024608_ll_gd_GEO-IRWIN.nc
sh132019,s1b-ew-owi-cm-20190208t015957-20190208t020219-000003-01BB5C_ll_gd_GEO-IRWIN.nc
wp112020,s1a-iw-owi-cm-20200907t092349-20200907t092506-000003-03FAED_ll_gd_GEO-IRWIN.nc
wp112020,s1a-ew-owi-cm-20200904t210200-20200904t210504-000003-03F9A9_ll_gd_GEO-IRWIN.nc
wp112020,s1b-iw-owi-cm-20200906t213202-20200906t213312-000003-02C2BE_ll_gd_GEO-IRWIN.nc
wp052023,rcm3-sc50mc-owi-cm-20230726t100805-20230726t100935-00003-______ll_gd_GEO-IRWIN.nc
wp032020,s1a-iw-owi-cm-20200803t100117-20200803t100257-000003-03E924_ll_gd_GEO-IRWIN.nc
al242020,s1a-iw-owi-cm-20200918t183534-20200918t183649-000003-0400C8_ll_gd_GEO-IRWIN.nc
al242020,s1b-iw-owi-cm-20200918t064235-20200918t064340-000003-02C7F6_ll_gd_GEO-IRWIN.nc
ep092020,rcm1-sc50ma-owi-cm-20200812t014959-20200812t015243-00003-______ll_gd_GEO-IRWIN.nc
wp182021,s1a-iw-owi-cm-20210908t100621-20210908t100801-000003-04ADF7_ll_gd_GEO-IRWIN.nc
wp182021,s1a-iw-owi-cm-20210907t213854-20210907t214009-000003-04ADC3_ll_gd_GEO-IRWIN.nc
wp242021,s1a-iw-owi-cm-20211011t215414-20211011t215508-000003-04BEC0_ll_gd_GEO-IRWIN.nc
al052024,rcm1-sclna-owi-cm-20240820t092636-20240820t092753-00003-______ll_gd_GEO-IRWIN.nc
al052024,rcm3-sclnb-owi-cm-20240818t221028-20240818t221048-00003-______ll_gd_GEO-IRWIN.nc
al052024,s1a-iw-owi-cm-20240815t224633-20240815t224725-000003-06BB7E_ll_gd_GEO-IRWIN.nc
al062024,s1a-iw-owi-cm-20240909t002423-20240909t002538-000003-06C8BE_ll_gd_GEO-IRWIN.nc
sh222019,s1a-ew-owi-cm-20190329t140231-20190329t140436-000003-02F9EC_ll_gd_GEO-IRWIN.nc
io052019,s1b-iw-owi-cm-20191031t005540-20191031t005626-000003-023451_ll_gd_GEO-IRWIN.nc
sh122023,s1a-iw-owi-cm-20230213t172916-20230213t173031-000003-05AA87_ll_gd_GEO-IRWIN.nc
ep182023,s1a-iw-owi-cm-20231024t004708-20231024t004802-000003-0622AE_ll_gd_GEO-IRWIN.nc
sh012024,s1a-iw-owi-cm-20231024t071330-20231024t071535-000003-0622CF_ll_gd_GEO-IRWIN.nc
al092021,s1a-iw-owi-cm-20210829t000047-20210829t000227-000003-04A8B3_ll_gd_GEO-IRWIN.nc
al092021,s1b-iw-owi-cm-20210904t102144-20210904t102324-000003-03681F_ll_gd_GEO-IRWIN.nc
al152021,rcm2-sc50ma-owi-cm-20210922t202606-20210922t202926-00003-______ll_gd_GEO-IRWIN.nc
al152021,rcm2-sc50mb-owi-cm-20210923t203405-20210923t203745-00003-______ll_gd_GEO-IRWIN.nc
wp012024,s1a-iw-owi-cm-20240526t095829-20240526t095928-000003-069204_ll_gd_GEO-IRWIN.nc
al262020,s1b-iw-owi-cm-20201007t113512-20201007t113652-000003-02D0BA_ll_gd_GEO-IRWIN.nc
al262020,s1a-iw-owi-cm-20201005t233309-20201005t233449-000003-0409B0_ll_gd_GEO-IRWIN.nc
al262020,s1b-iw-owi-cm-20201008t000702-20201008t000846-000003-02D0FE_ll_gd_GEO-IRWIN.nc
al052022,rcm2-sc50ma-owi-cm-20220906t203409-20220906t203749-00003-______ll_gd_GEO-IRWIN.nc
wp292019,s1a-iw-owi-cm-20191201t212303-20191201t212357-000003-037255_ll_gd_GEO-IRWIN.nc
ep042022,s1a-iw-owi-cm-20220701t234834-20220701t234949-000003-053E0B_ll_gd_GEO-IRWIN.nc
al172020,s1b-iw-owi-cm-20200921t194728-20200921t194822-000003-02C997_ll_gd_GEO-IRWIN.nc
al172020,s1a-iw-owi-cm-20200916t092622-20200916t092738-000003-03FF8D_ll_gd_GEO-IRWIN.nc
al172020,s1a-iw-owi-cm-20200921t075828-20200921t075920-000003-04022D_ll_gd_GEO-IRWIN.nc
al172020,s1b-ew-owi-cm-20200918t081938-20200918t082143-000003-02C801_ll_gd_GEO-IRWIN.nc
al172020,s1b-iw-owi-cm-20200920t080530-20200920t080636-000003-02C8E1_ll_gd_GEO-IRWIN.nc
al172020,s1a-ew-owi-cm-20200919t081237-20200919t081514-000003-040117_ll_gd_GEO-IRWIN.nc
ep122022,s1a-iw-owi-cm-20220907t133107-20220907t133151-000003-055CF5_ll_gd_GEO-IRWIN.nc
al092024,s1a-iw-owi-cm-20240926t233642-20240926t233847-000003-06D316_ll_gd_GEO-IRWIN.nc
wp192021,rcm1-sc50mb-owi-cm-20210908t211259-20210908t211759-00003-______ll_gd_GEO-IRWIN.nc
wp192021,rcm2-sc50ma-owi-cm-20210914t093855-20210914t094255-00003-______ll_gd_GEO-IRWIN.nc
al092020,s1a-iw-owi-cm-20200803t231311-20200803t231426-000003-03E964_ll_gd_GEO-IRWIN.nc
al092020,s1b-iw-owi-cm-20200803t112425-20200803t112540-000003-02B314_ll_gd_GEO-IRWIN.nc
al092020,s1b-iw-owi-cm-20200802t231913-20200802t232034-000003-02B2DB_ll_gd_GEO-IRWIN.nc
al162024,s1a-iw-owi-cm-20241019t225347-20241019t225459-000003-06E04E_ll_gd_GEO-IRWIN.nc
al052019,s1a-iw-owi-cm-20190906t224121-20190906t224301-000003-0346EC_ll_gd_GEO-IRWIN.nc
al052019,s1b-iw-owi-cm-20190829t102127-20190829t102221-000003-0217F3_ll_gd_GEO-IRWIN.nc
al052019,s1a-iw-owi-cm-20190903t111721-20190903t111901-000003-03451E_ll_gd_GEO-IRWIN.nc
al052019,s1a-iw-owi-cm-20190827t221901-20190827t222016-000003-0341DA_ll_gd_GEO-IRWIN.nc
al052019,s1a-iw-owi-cm-20190830t224548-20190830t224705-000003-03435D_ll_gd_GEO-IRWIN.nc
al052019,s1a-iw-owi-cm-20190902t231101-20190902t231306-000003-0344E3_ll_gd_GEO-IRWIN.nc
al052019,s1a-iw-owi-cm-20190831t105329-20190831t105448-000003-03439C_ll_gd_GEO-IRWIN.nc
al052019,s1b-iw-owi-cm-20190904t110754-20190904t110934-000003-021A9D_ll_gd_GEO-IRWIN.nc
wp102019,s1a-iw-owi-cm-20190809t100111-20190809t100316-000003-033873_ll_gd_GEO-IRWIN.nc
al202023,s1a-iw-owi-cm-20231019t220229-20231019t220344-000003-0620B5_ll_gd_GEO-IRWIN.nc
al202023,s1a-iw-owi-cm-20231022t095844-20231022t095938-000003-0621D7_ll_gd_GEO-IRWIN.nc
al202023,s1a-iw-owi-cm-20231022t222848-20231022t223011-000003-062224_ll_gd_GEO-IRWIN.nc
wp202021,s1b-ew-owi-cm-20210927t090902-20210927t091207-000003-03725C_ll_gd_GEO-IRWIN.nc
wp202019,s1b-iw-owi-cm-20191012t084028-20191012t084212-000003-022BD1_ll_gd_GEO-IRWIN.nc
sh122021,s1b-iw-owi-cm-20210122t025113-20210122t025228-000003-030207_ll_gd_GEO-IRWIN.nc
sh122021,s1a-ew-owi-cm-20210118t144525-20210118t144726-000003-043E8B_ll_gd_GEO-IRWIN.nc
wp302019,s1b-iw-owi-cm-20191224t213011-20191224t213131-000003-024DE7_ll_gd_GEO-IRWIN.nc
sh052024,s1a-ew-owi-cm-20240115t144437-20240115t144641-000003-064CAE_ll_gd_GEO-IRWIN.nc
wp052024,s1a-iw-owi-cm-20240725t100131-20240725t100246-000003-06B064_ll_gd_GEO-IRWIN.nc
al162021,s1b-iw-owi-cm-20210920t095734-20210920t095828-000003-036F42_ll_gd_GEO-IRWIN.nc
sh202019,s1a-iw-owi-cm-20190319t085334-20190319t085428-000003-02F46F_ll_gd_GEO-IRWIN.nc
sh182019,s1a-ew-owi-cm-20190311t024310-20190311t024514-000003-02F003_ll_gd_GEO-IRWIN.nc
al172023,s1a-iw-owi-cm-20231003t100627-20231003t100742-000003-06187A_ll_gd_GEO-IRWIN.nc
al192024,s1a-iw-owi-cm-20241116t235825-20241116t235940-000003-06F093_ll_gd_GEO-IRWIN.nc
wp102020,s1b-ew-owi-cm-20200901t212522-20200901t212726-000003-02C081_ll_gd_GEO-IRWIN.nc
wp072024,rcm1-sc50ma-owi-cm-20240813t080420-20240813t080537-00003-______ll_gd_GEO-IRWIN.nc
wp072024,rcm3-sc50ma-owi-cm-20240812t201344-20240812t201444-00003-______ll_gd_GEO-IRWIN.nc
wp062023,s1a-iw-owi-cm-20230806t211820-20230806t211916-000003-05FBCB_ll_gd_GEO-IRWIN.nc
al092022,s1a-iw-owi-cm-20220925t233346-20220925t233501-000003-056602_ll_gd_GEO-IRWIN.nc
wp092020,s1b-iw-owi-cm-20200825t213226-20200825t213312-000003-02BD50_ll_gd_GEO-IRWIN.nc
wp272019,s1b-iw-owi-cm-20191119t095826-20191119t095943-000003-023D71_ll_gd_GEO-IRWIN.nc
al172022,s1a-iw-owi-cm-20221110t111737-20221110t111852-000003-057B92_ll_gd_GEO-IRWIN.nc
al172022,s1a-iw-owi-cm-20221109t231142-20221109t231322-000003-057B61_ll_gd_GEO-IRWIN.nc
ep152021,s1a-iw-owi-cm-20210909t130625-20210909t130746-000003-04AE83_ll_gd_GEO-IRWIN.nc
ep162022,s1a-iw-owi-cm-20221003t010527-20221003t010642-000003-05695E_ll_gd_GEO-IRWIN.nc
wp152024,rcm1-sc50ma-owi-cm-20240919t094649-20240919t094730-00003-______ll_gd_GEO-IRWIN.nc
al292020,s1a-iw-owi-cm-20201103t234046-20201103t234226-000003-04184A_ll_gd_GEO-IRWIN.nc
sh052023,rcm2-sclna-owi-cm-20221226t123931-20221226t124046-00003-______ll_gd_GEO-IRWIN.nc
sh052023,rcm1-sclnc-owi-cm-20221224t125515-20221224t125759-00003-______ll_gd_GEO-IRWIN.nc
al132019,s1a-iw-owi-cm-20191002t080415-20191002t080555-000003-0353A1_ll_gd_GEO-IRWIN.nc
al132019,s1a-ew-owi-cm-20190930t210003-20190930t210142-000003-0352F9_ll_gd_GEO-IRWIN.nc
al132019,s1a-ew-owi-cm-20190928t084309-20190928t084513-000003-0351A9_ll_gd_GEO-IRWIN.nc
al132019,s1b-ew-owi-cm-20190929t210610-20190929t210814-000003-02261A_ll_gd_GEO-IRWIN.nc
sh232024,rcm3-sc50mb-owi-cm-20240501t152256-20240501t152421-00003-______ll_gd_GEO-IRWIN.nc
wp232024,s1a-iw-owi-cm-20241031t215153-20241031t215312-000003-06E739_ll_gd_GEO-IRWIN.nc
wp022021,rcm2-sc50md-owi-cm-20210422t211644-20210422t212548-00003-______ll_gd_GEO-IRWIN.nc
wp022021,rcm1-sc50ma-owi-cm-20210420t094105-20210420t094513-00003-______ll_gd_GEO-IRWIN.nc
wp022021,s1a-iw-owi-cm-20210419t094935-20210419t095129-000003-046C7F_ll_gd_GEO-IRWIN.nc
wp022021,s1b-iw-owi-cm-20210420t094117-20210420t094300-000003-032B99_ll_gd_GEO-IRWIN.nc
wp022021,rcm1-sc50ma-owi-cm-20210419t093250-20210419t093822-00003-______ll_gd_GEO-IRWIN.nc
wp022021,s1b-iw-owi-cm-20210417t213016-20210417t213110-000003-032A68_ll_gd_GEO-IRWIN.nc
wp022021,s1a-iw-owi-cm-20210418t212223-20210418t212342-000003-046C42_ll_gd_GEO-IRWIN.nc
wp022021,rcm1-sc50md-owi-cm-20210418t211549-20210418t212533-00003-______ll_gd_GEO-IRWIN.nc
wp022021,rcm1-sc50md-owi-cm-20210417t211214-20210417t211638-00003-______ll_gd_GEO-IRWIN.nc
sh132023,s1a-ew-owi-cm-20230214t134626-20230214t134830-000003-05AAE6_ll_gd_GEO-IRWIN.nc
ep192023,rcm1-sc50ma-owi-cm-20231031t120038-20231031t120203-00003-______ll_gd_GEO-IRWIN.nc
ep192023,s1a-iw-owi-cm-20231102t002153-20231102t002312-000003-06273D_ll_gd_GEO-IRWIN.nc
wp192020,s1b-iw-owi-cm-20201020t095807-20201020t095922-000003-02D69A_ll_gd_GEO-IRWIN.nc
wp242024,s1a-iw-owi-cm-20241107t214556-20241107t214715-000003-06EB42_ll_gd_GEO-IRWIN.nc
al122021,rcm3-sc50mb-owi-cm-20210910t213138-20210910t213232-00003-______ll_gd_GEO-IRWIN.nc
al122021,s1b-iw-owi-cm-20210908t095420-20210908t095611-000003-0369DE_ll_gd_GEO-IRWIN.nc
sh222020,s1a-ew-owi-cm-20200316t020118-20200316t020322-000003-03A788_ll_gd_GEO-IRWIN.nc
io012019,s1a-iw-owi-cm-20190502t002158-20190502t002338-000003-030BAA_ll_gd_GEO-IRWIN.nc
sh252021,s1a-ew-owi-cm-20210307t144420-20210307t144624-000003-0456E5_ll_gd_GEO-IRWIN.nc
al052023,rcm2-sc50mb-owi-cm-20230724t091855-20230724t091954-00003-______ll_gd_GEO-IRWIN.nc
sh192024,s1a-iw-owi-cm-20240317t202418-20240317t202558-000003-066BA4_ll_gd_GEO-IRWIN.nc
sh132020,s1a-iw-owi-cm-20200214t021047-20200214t021202-000003-0397D1_ll_gd_GEO-IRWIN.nc
al162020,s1a-iw-owi-cm-20200902t235812-20200902t235927-000003-03F8BD_ll_gd_GEO-IRWIN.nc
al132023,s1a-iw-owi-cm-20230908t215511-20230908t215716-000003-060C3F_ll_gd_GEO-IRWIN.nc
al132023,s1a-iw-owi-cm-20230911t222105-20230911t222154-000003-060DC0_ll_gd_GEO-IRWIN.nc
wp162021,rcm2-sc50mc-owi-cm-20210821t212422-20210821t213358-00003-______ll_gd_GEO-IRWIN.nc
wp162021,rcm2-sc50mc-owi-cm-20210820t211551-20210820t212559-00003-______ll_gd_GEO-IRWIN.nc
sh052020,s1a-ew-owi-cm-20191231t144416-20191231t144620-000003-03813D_ll_gd_GEO-IRWIN.nc
wp152019,s1b-iw-owi-cm-20190905t214131-20190905t214336-000003-021B40_ll_gd_GEO-IRWIN.nc
wp222020,s1b-iw-owi-cm-20201031t212858-20201031t213128-000003-02DBDB_ll_gd_GEO-IRWIN.nc
wp222020,s1b-iw-owi-cm-20201101t095717-20201101t095857-000003-02DC13_ll_gd_GEO-IRWIN.nc
al182021,s1a-iw-owi-cm-20211001t100446-20211001t100540-000003-04B97E_ll_gd_GEO-IRWIN.nc
al182021,rcm1-sc50mc-owi-cm-20211002t095319-20211002t095655-00003-______ll_gd_GEO-IRWIN.nc
wp112021,rcm3-sc50mc-owi-cm-20210728t205201-20210728t205729-00003-______ll_gd_GEO-IRWIN.nc
al272020,rcm3-sc50mb-owi-cm-20201024t215346-20201024t215530-00003-______ll_gd_GEO-IRWIN.nc
al272020,rcm3-sc50mb-owi-cm-20201025t093303-20201025t093751-00003-______ll_gd_GEO-IRWIN.nc
al202020,s1a-ew-owi-cm-20200921t221437-20200921t221737-000003-040280_ll_gd_GEO-IRWIN.nc
al202020,s1a-ew-owi-cm-20200922t101602-20200922t101906-000003-0402C5_ll_gd_GEO-IRWIN.nc
al072021,s1b-iw-owi-cm-20210821t122505-20210821t122624-000003-0361CA_ll_gd_GEO-IRWIN.nc
al092019,s1a-iw-owi-cm-20190914t231126-20190914t231306-000003-034AF8_ll_gd_GEO-IRWIN.nc
wp242019,s1a-ew-owi-cm-20191107t193942-20191107t194146-000003-036628_ll_gd_GEO-IRWIN.nc
al072022,rcm1-sc50ma-owi-cm-20220923t214557-20220923t214656-00003-______ll_gd_GEO-IRWIN.nc
al072022,s1a-iw-owi-cm-20220924t101500-20220924t101604-000003-05653E_ll_gd_GEO-IRWIN.nc
al072022,rcm2-sc50mb-owi-cm-20220922t223853-20220922t224117-00003-______ll_gd_GEO-IRWIN.nc
al072022,s1a-iw-owi-cm-20220916t221920-20220916t222035-000003-056188_ll_gd_GEO-IRWIN.nc
al072022,s1a-iw-owi-cm-20220919t224452-20220919t224657-000003-056306_ll_gd_GEO-IRWIN.nc
ep152019,s1b-iw-owi-cm-20190922t013117-20190922t013211-000003-0222A9_ll_gd_GEO-IRWIN.nc
wp162020,s1b-iw-owi-cm-20201006t204525-20201006t204640-000003-02D075_ll_gd_GEO-IRWIN.nc
wp162020,s1a-iw-owi-cm-20201008t091245-20201008t091425-000003-040AD1_ll_gd_GEO-IRWIN.nc
wp072023,rcm3-sc50ma-owi-cm-20230817t082315-20230817t082431-00003-______ll_gd_GEO-IRWIN.nc
wp092021,s1b-iw-owi-cm-20210725t214953-20210725t215108-000003-0355E9_ll_gd_GEO-IRWIN.nc
wp092021,s1a-iw-owi-cm-20210721t213527-20210721t213718-000003-049689_ll_gd_GEO-IRWIN.nc
wp092021,rcm1-sc50ma-owi-cm-20210724t093303-20210724t094207-00003-______ll_gd_GEO-IRWIN.nc
sh212021,s1b-iw-owi-cm-20210220t030122-20210220t030237-000003-030FCF_ll_gd_GEO-IRWIN.nc
sh072021,s1b-iw-owi-cm-20201229t025114-20201229t025257-000003-02F6D8_ll_gd_GEO-IRWIN.nc
al222020,s1a-iw-owi-cm-20200920t000909-20200920t001024-000003-040179_ll_gd_GEO-IRWIN.nc
